Названия товара,Код товара,Цена,Кредит/Рассрочка,Цвет,Размеры,Процессор,Операционная система,Количество ядер,Количество SIM карт,Емкость аккумулятора,Разъемы,Диагональ дисплея,Разрешение экрана (пикс),Фронтальная камера Мпикс,Объем встроенной памяти,Объем оперативной памяти,Модель
Смартфон Xiaomi Redmi 11 Lite 5G 8/128GB Bubblegum Blue,76000008857,189 990 ₸,от 5 034 ₸/мес,голубой,,Qualcomm Snapdragon 732G,Android 11,8,2 SIM карты,4250 мАч,Type-C,,,16,128 Гб,8 Гб RAM,Mi 11 Lite
Смартфон Xiaomi Redmi 11 Lite 5G 8/256GB Truffle Black,76000008856,209 990 ₸,от 5 563 ₸/мес,чёрный,160.53 x 75.72 x 6.81 мм,Qualcomm Snapdragon 732G,Android 11,8,2 SIM карты,4250 мАч,Type-C,"6.56""",2400 x 1080,16,256 Гб,8 Гб RAM,Mi 11 Lite
Смартфон Xiaomi Redmi 11 Lite 5G 6/128GB Truffle Black,76000008854,179 990 ₸,от 4 769 ₸/мес,чёрный,160.53 x 75.72 x 6.81 мм,Snapdragon 778G,Android,6,2 SIM карты,4250 мАч,USB 2.0 / Type-C,"6.55""",2400 x 1080,20,128 Гб,6 Гб RAM,Mi 11 Lite
Смартфон Xiaomi Redmi 11 Lite 5G 8/128GB Truffle Black,76000008853,189 990 ₸,от 5 034 ₸/мес,чёрный,160.53 x 75.72 x 6.81 мм,Qualcomm Snapdragon 732G,Android 11,8,2 SIM карты,4250 мАч,Type-C,"6.56""",2400 x 1080,16,128 Гб,8 Гб RAM,Mi 11 Lite
Смартфон iPhone 13 mini 128GB Slim Box Pink,76000009090,434 990 ₸,от 11 525 ₸/мес,розовый,"149,9 х 82,3 х 26,9 мм",A15 Bionic,iOS,6,1 SIM карта,,Lightning,5.4,2340×1080,12,128 Гб,,iPhone 13 mini
Смартфон iPhone 13 Pro Max 512GB Slim Box Silver,76000009080,864 990 ₸,от 22 917 ₸/мес,серебристый,"179,3 х 96,2 х 28,1 мм",A15 Bionic,iOS,,1 SIM карта,,Lightning,"6.7""",2778 х 1284 Пикс,12,512 Гб,,iPhone 13 Pro Max
Смартфон iPhone 13 Pro 512GB Slim Box Graphite,76000009063,804 990 ₸,от 21 327 ₸/мес,серый,"179,3 х 96,2 х 28,1 мм",A15 Bionic,iOS,,1 SIM карта,,Lightning,"6.7""",2778 х 1284 Пикс,12,512 Гб,,iPhone 13 Pro
Смартфон iPhone 13 256GB Slim Box Blue,76000008799,559 890 ₸,от 14 834 ₸/мес,синий,"165 х 86,9 х 26,9 мм",A15 Bionic,iOS,6,1 SIM карта,,Lightning,"6.1""",2532 х 1170 Пикс,12,256 Гб,,iPhone 13
Смартфон iPhone 13 256GB Slim Box (PRODUCT)RED,76000008798,559 990 ₸,от 14 836 ₸/мес,красный,"165 х 86,9 х 26,9 мм",A15 Bionic,iOS,6,1 SIM карта,,Lightning,"6.1""",2532 х 1170 Пикс,12,256 Гб,,iPhone 13
Смартфон Xiaomi Redmi 10 4/128GB Sea Blue,76000008670,99 990 ₸,от 2 649 ₸/мес,синий,160.46 x 74.5 x 8.29 мм,Qualcomm Snapdragon 678,Android 11,8,2 SIM карты,5000 мАч,Type-C,"6.4""",2400 x 1080,13,128 Гб,4 Гб RAM,Xiaomi Redmi 10
Смартфон Xiaomi Redmi 9C 4/128GB Sunrise Orange,76000008669,69 990 ₸,от 1 854 ₸/мес,оранжевый,"164,9 х 77,07 х 9 мм",MediaTek Helio G35 (12 нм),Android,8,2 SIM карты,5000 мАч,microUSB,"6.53""",1600 x 720 Пикс,5,128 Гб,4 Гб RAM,Xiaomi Redmi 9C
Смартфон Xiaomi Redmi 10 4/64GB Sea Blue,76000008667,79 990 ₸,от 2 119 ₸/мес,синий,160.46 x 74.5 x 8.29 мм,Qualcomm Snapdragon 678,Android 11,8,2 SIM карты,5000 мАч,Type-C,"6,4""",2400 x 1080,13,64 Гб,4 Гб RAM,
Смартфон Xiaomi Redmi 10 4/64GB Pebble White,76000008666,79 990 ₸,от 2 119 ₸/мес,белый,160.46 x 74.5 x 8.29 мм,Qualcomm Snapdragon 678,Android 11,8,2 SIM карты,5000 мАч,Type-C,"6,4""",2400 x 1080,13,64 Гб,4 Гб RAM,
Смартфон Xiaomi Redmi 10 6/128GB Sea Blue,76000008646,109 990 ₸,от 2 914 ₸/мес,синий,160.46 x 74.5 x 8.29 мм,Qualcomm Snapdragon 678,Android 11,8,2 SIM карты,5000 мАч,Type-C,"6.4""",2400 x 1080,13,128 Гб,6 Гб RAM,Xiaomi Redmi 10
Смартфон Xiaomi Redmi 10 4/128GB Carbon Gray,76000008645,99 990 ₸,от 2 649 ₸/мес,серый,160.46 x 74.5 x 8.29 мм,Qualcomm Snapdragon 678,Android 11,8,2 SIM карты,5000 мАч,Type-C,"6.4""",2400 x 1080,13,128 Гб,4 Гб RAM,Xiaomi Redmi 10
Смартфон Xiaomi Redmi 10 4/128GB Pebble White,76000008644,99 990 ₸,от 2 649 ₸/мес,белый,160.46 x 74.5 x 8.29 мм,Qualcomm Snapdragon 678,Android 11,8,2 SIM карты,5000 мАч,Type-C,"6.4""",2400 x 1080,13,128 Гб,4 Гб RAM,Xiaomi Redmi 10
Смартфон Xiaomi Redmi 10 4/64GB Carbon Gray,76000008643,79 990 ₸,от 2 119 ₸/мес,серый,160.46 x 74.5 x 8.29 мм,Qualcomm Snapdragon 678,Android 11,8,2 SIM карты,5000 мАч,Type-C,"6,4""",2400 x 1080,13,64 Гб,4 Гб RAM,
Смартфон Vivo Y53S 128GB Deep Sea Blue,76000008642,134 990 ₸,от 3 576 ₸/мес,синий,164 x 75.46 x 8.38 мм,Mediatek Helio G80,Android 11,8,2 SIM карты,5000 мАч,Type-C,"6.59""",1920х1080 (FullHD),16,128 Гб,8 Гб RAM,
Смартфон Vivo Y53S 128GB Fantastic Rainbow,76000008641,134 990 ₸,от 3 576 ₸/мес,голубой,164 x 75.46 x 8.38 мм,Mediatek Helio G80,Android 11,8,2 SIM карты,5000 мАч,Type-C,"6.59""",1920х1080 (FullHD),16,128 Гб,8 Гб RAM,
Смартфон OPPO Reno6 Aurora,76000008584,249 990 ₸,от 6 623 ₸/мес,голубой,159.1 x 73.3 x 7.8 мм,Qualcomm Snapdragon 720G,ColorOS 11.1 на базе Android 11.0,8,2 SIM карты,4310 мАч,Type-C,"6.44""",2400 x 1080,44,128 Гб,8 Гб RAM,OPPO Reno 6
Смартфон OPPO Reno6 Stellar Black,76000008583,249 990 ₸,от 6 623 ₸/мес,чёрный,159.1 x 73.3 x 7.8 мм,Qualcomm Snapdragon 720G,ColorOS 11.1 на базе Android 11.0,8,2 SIM карты,4310 мАч,Type-C,"6.44""",2400 x 1080,44,128 Гб,8 Гб RAM,OPPO Reno 6
Смартфон Samsung Galaxy A03s 64GB Black (SM-A037),76000008275,64 890 ₸,от 1 719 ₸/мес,чёрный,,MediaTek MT6765,Android 11,8,2 SIM карты,5000 мАч,USB 2.0 / Type C 1.0,,,5,64 Гб,4 Гб RAM,
Смартфон Samsung Galaxy A03s 64GB Blue (SM-A037),76000008274,64 890 ₸,от 1 719 ₸/мес,синий,164.3 x 76 x 9.1 мм,MediaTek MT6765,Android 11,8,2 SIM карты,5000 мАч,USB 2.0 / Type C 1.0,"6.5""",1600 x 720 Пикс,5,64 Гб,4 Гб RAM,
Смартфон Samsung Galaxy A03s 32GB White (SM-A037),76000008273,54 890 ₸,от 1 454 ₸/мес,белый,164.3 x 76 x 9.1 мм,MediaTek Helio P35,Android,8,2 SIM карты,5000 мАч,Type-C,"6.5""",1600 x 720 Пикс,5,32 Гб,3 Гб RAM,Galaxy A03s
Смартфон Samsung Galaxy A03s 32GB Black (SM-A037),76000008272,54 890 ₸,от 1 454 ₸/мес,чёрный,164.3 x 76 x 9.1 мм,MediaTek Helio P35,Android,8,2 SIM карты,5000 мАч,Type-C,"6.5""",1600 x 720 Пикс,5,32 Гб,3 Гб RAM,Galaxy A03s
Смартфон Samsung Galaxy A03s 32GB Blue (SM-A037),76000008271,54 890 ₸,от 1 454 ₸/мес,синий,164.3 x 76 x 9.1 мм,MediaTek MT6765,Android 11,,2 SIM карты,5000 мАч,USB 2.0 / Type C 1.0,"6.5""",1600 x 720 Пикс,5,32 Гб,3 Гб RAM,Galaxy A03s
Смартфон Samsung Galaxy A12 64GB Red (SM-A127FZRVSKZ),76000007952,79 890 ₸,от 2 117 ₸/мес,красный,"164 x 75,8 x 8,9 мм",,Android 10.0,8,2 SIM карты,5000 мАч,Type-C,"6.5""",1600 x 720 Пикс,8,64 Гб,4 Гб RAM,Galaxy A12
Смартфон Samsung Galaxy A12 64GB Black (SM-A127FZKVSKZ),76000007949,79 890 ₸,от 2 117 ₸/мес,чёрный,"164 x 75,8 x 8,9 мм",,Android 10.0,8,2 SIM карты,5000 мАч,Type-C,"6.5""",1600 x 720 Пикс,8,64 Гб,4 Гб RAM,
Смартфон Samsung Galaxy A12 64GB Blue (SM-A127FZBVSKZ),76000007947,79 890 ₸,от 2 117 ₸/мес,синий,"164 x 75,8 x 8,9 мм",,Android 10.0,8,2 SIM карты,5000 мАч,Type-C,"6.5""",1600 x 720 Пикс,8,64 Гб,4 Гб RAM,Galaxy A12
Смартфон Samsung Galaxy A12 32GB Red (SM-A127FZRUSKZ),76000007945,69 890 ₸,от 1 852 ₸/мес,красный,"164 x 75,8 x 8,9 мм",MediaTek MT6765,Android 10.0,,2 SIM карты,5000 мАч,Type-C,"6.5""",1600 x 720 Пикс,8,32 Гб,3 Гб RAM,Galaxy A12
Смартфон Samsung Galaxy A12 32GB Black (SM-A127FZKUSKZ),76000007942,69 890 ₸,от 1 852 ₸/мес,чёрный,"164 x 75,8 x 8,9 мм",MediaTek MT6765,Android 10.0,,2 SIM карты,5000 мАч,Type-C,"6.5""",1600 x 720 Пикс,8,32 Гб,3 Гб RAM,Galaxy A12
Смартфон Samsung Galaxy Z Fold 3 12/256GB Black (SM-F926BZKDSKZ),76000007968,899 890 ₸,от 23 842 ₸/мес,чёрный,"158,2 x 128,1 x 6,4 мм",Octa-core,Android 11,8,1 SIM карта,4400 мАч,Type-C,"7.6""",2208 x 1768Пикс,10,256 Гб,12 Гб RAM,Galaxy Z Fold 3
Смартфон Samsung Galaxy A12 32GB Blue (SM-A127FZBUSKZ),76000007933,69 890 ₸,от 1 852 ₸/мес,синий,"164 x 75,8 x 8,9 мм",MediaTek MT6765,Android 10.0,,2 SIM карты,5000 мАч,Type-C,"6.5""",1600 x 720 Пикс,8,32 Гб,3 Гб RAM,Galaxy A12
Смартфон ViVO X60 Pro Blue,76000006853,369 990 ₸,от 9 802 ₸/мес,синий,158.6 х 73.2 х 7.69 мм,Snapdragon 870,Android 11,8,2 SIM карты,4200 мАч,Type-C,"6.56""",2376 × 1080 Пикс,32,256 Гб,12 Гб RAM,ViVO X60 Pro
Смартфон Apple iPhone XS 64GB Gold,RS400014231,359 890 ₸,от 9 535 ₸/мес,золотистый,143.6 x 70.9 x 7.7 мм,6-ядерный / Hexa-core (2x Vortex + 4x Tempest),iOS 12,,1 SIM карта,2658 мАч,USB 2.0 / reversible connector,"5.8""",2436 x 1125 Пикс,7,64 Гб,4 Гб RAM,iPhone XS
Смартфон Samsung Galaxy A22 128GB Black (SM-A225FZKGSKZ),76000007626,109 890 ₸,от 2 911 ₸/мес,чёрный,159.3 x 73.6 x 8.4 мм,,Android 11,8,,5000 мАч,Type-C,"6.4""",1600 x 720 Пикс,13,128 Гб,4 Гб RAM,Galaxy A22
Смартфон Samsung Galaxy A22 128GB Mint (SM-A225FLGGSKZ),76000007625,109 890 ₸,от 2 911 ₸/мес,зелёный,159.3 x 73.6 x 8.4 мм,,Android 11,8,,5000 мАч,Type-C,"6.4""",1600 x 720 Пикс,13,128 Гб,4 Гб RAM,Galaxy A22
Смартфон Samsung Galaxy A22 64GB Black (SM-A225FZKDSKZ),76000007623,99 890 ₸,от 2 646 ₸/мес,чёрный,159.3 x 73.6 x 8.4 мм,,Android 11,8,,5000 мАч,Type-C,"6,4""",1600 x 720 Пикс,13,64 Гб,4 Гб RAM,Galaxy A22
Смартфон Samsung Galaxy A22 64GB Mint (SM-A225FLGDSKZ),76000007622,99 890 ₸,от 2 646 ₸/мес,зелёный,159.3 x 73.6 x 8.4 мм,,Android 11,8,,5000 мАч,Type-C,"6,4""",1600 x 720 Пикс,13,64 Гб,4 Гб RAM,Galaxy A22
Смартфоны Huawei Nova 5T crush blue,RS400018380,109 990 ₸,от 2 914 ₸/мес,синий,154.25 x 73.97 x 7.87 мм,HiSilicon Kirin 980 (7 нм),EMUI 9.1 (на базе Android 9),8,2 SIM карты,3750 мАч,Type-C,"6.26""",2340×1080,32,128 Гб,6 Гб RAM,Huawei Nova 5T
Смартфон Huawei Y9 2019 Prime Midnight Black,RS400018399,119 990 ₸,от 3 179 ₸/мес,чёрный,"163,5 х 77,3 х 8,8 мм",Hisilicon Kirin 710F (12 нм),Android,8,2 SIM карты,4000 мАч,USB 2.0 / Type C 1.0 / reversible connector,"6.59""",2340×1080,,128 Гб,4 Гб RAM,Huawei Y9
Смартфоны Huawei Nova 5T midsummer purple,RS400018381,109 890 ₸,от 2 911 ₸/мес,фиолетовый,154.25 x 73.97 x 7.87 мм,HiSilicon Kirin 980 (7 нм),EMUI 9.1 (на базе Android 9),8,2 SIM карты,3750 мАч,Type-C,"6.26""",2340×1080,32,128 Гб,6 Гб RAM,Huawei Nova 5T
Смартфон Xiaomi Poco X3 Pro 8/256GB Metal Bronze,76000007801,129 990 ₸,от 3 444 ₸/мес,розовый,165.3 x 76.8 x 9.4 мм,Qualcomm Snapdragon 860,Android 11,,2 SIM карты,5160 мАч,Type-C,"6.67""",2340×1080,,256 Гб,8 Гб RAM,Xiaomi Poco X3 Pro
Смартфон Xiaomi Poco X3 Pro 6/128GB Metal Bronze,76000007800,119 990 ₸,от 3 179 ₸/мес,жёлтый,210 x 380 x 232 мм,Qualcomm Snapdragon 860,Android 11,8,,5160 мАч,Type-C,"6.67""",2400 x 1080,20,128 Гб,6 Гб RAM,Xiaomi Poco X3 Pro
Смартфон Samsung Galaxy A72 128GB White (SM-A725F),76000005256,189 890 ₸,от 5 031 ₸/мес,белый,"165 x 77,4 x 8,4 мм",Qualcomm SM7125 Snapdragon 720G (8 нм),Android 11,8,2 SIM карты,5000 мАч,Type C 2.0,"6.7""",2400 x 1080,,128 Гб,6 Гб RAM,Galaxy A72
Смартфон Samsung Galaxy A72 128GB Blue (SM-A725F),76000005252,189 890 ₸,от 5 031 ₸/мес,голубой,"165 x 77,4 x 8,4 мм",Qualcomm SM7125 Snapdragon 720G (8 нм),Android 11,8,2 SIM карты,5000 мАч,Type C 2.0,"6.7""",2400 x 1080,,128 Гб,6 Гб RAM,Galaxy A72
Смартфон Samsung Galaxy A52 256GB Black (SM-A525),76000005250,179 890 ₸,от 4 766 ₸/мес,чёрный,75.1 х 159.9 х 8.4 мм,Snapdragon 720G,Android 11,8,2 SIM карты,4500 мАч,Type-C 2.0 / USB On-The-Go,"6.5""",2400 x 1080,32,256 Гб,8 Гб RAM,Galaxy A52
Смартфон Samsung Galaxy A52 256GB White (SM-A525),76000005245,179 890 ₸,от 4 766 ₸/мес,белый,75.1 х 159.9 х 8.4 мм,Snapdragon 720G,Android 11,8,2 SIM карты,4500 мАч,Type-C 2.0 / USB On-The-Go,"6.5""",2400 x 1080,32,256 Гб,8 Гб RAM,Galaxy A52
Смартфон Samsung Galaxy A52 256GB Lavender (SM-A525),76000005244,179 890 ₸,от 4 766 ₸/мес,фиолетовый,75.1 х 159.9 х 8.4 мм,Snapdragon 720G,Android 11,8,2 SIM карты,4500 мАч,Type-C 2.0 / USB On-The-Go,,2400 x 1080,32,256 Гб,8 Гб RAM,Galaxy A52
Смартфон Samsung Galaxy S20 FE 128GB Cloud Lavender (SM-G780G),76000007150,269 890 ₸,от 7 150 ₸/мес,розовый,"159,8 x 74,5 x 8,4 мм",Qualcomm SM8250 Snapdragon 865 (7 нм +),Android 10.0,8,2 SIM карты,4500 мАч,Type-C,"6.5""",2400 x 1080,32,128 Гб,6 Гб RAM,Galaxy S20 FE
Смартфон Samsung Galaxy A32 64GB Blue (SM-A325F),76000005050,119 890 ₸,от 3 176 ₸/мес,голубой,"159,3 x 73,1 x 8,6 мм",Mediatek Helio G80,Android 11,8,2 SIM карты,5000 мАч,Type C 2.0,"6.4""",2400 x 1080,20,64 Гб,4 Гб RAM,Galaxy A32
Смартфон Samsung Galaxy S20 FE 128GB Cloud Red (SM-G780G),76000007153,269 890 ₸,от 7 150 ₸/мес,красный,"159,8 x 74,5 x 8,4 мм",Qualcomm SM8250 Snapdragon 865 (7 нм +),Android 10.0,8,2 SIM карты,4500 мАч,Type-C,"6.5""",2400 x 1080,32,128 Гб,6 Гб RAM,Galaxy S20 FE
Смартфон Samsung Galaxy A32 64GB White (SM-A325F),76000005052,119 890 ₸,от 3 176 ₸/мес,белый,"159,3 x 73,1 x 8,6 мм",Mediatek Helio G80,Android 11,8,2 SIM карты,5000 мАч,Type C 2.0,"6.4""",2400 x 1080,20,64 Гб,4 Гб RAM,Galaxy A32
Смартфон Samsung Galaxy A32 64GB Lavand (SM-A325F),76000005049,119 890 ₸,от 3 176 ₸/мес,фиолетовый,"159,3 x 73,1 x 8,6 мм",Mediatek Helio G80,Android 11,8,2 SIM карты,5000 мАч,Type C 2.0,"6.4""",2400 x 1080,20,64 Гб,4 Гб RAM,Galaxy A32
Смартфон Samsung Galaxy A32 128GB Blue (SM-A325F),76000005054,129 890 ₸,от 3 441 ₸/мес,синий,"159,3 x 73,1 x 8,6 мм",Mediatek Helio G80,Android 11,8,2 SIM карты,5000 мАч,,"6.4""",2400 x 1080,20,128 Гб,4 Гб RAM,Galaxy A32
Смартфон Samsung Galaxy S20 FE 128GB Cloud Mint (SM-G780G),76000007152,269 890 ₸,от 7 150 ₸/мес,зелёный,"159,8 x 74,5 x 8,4 мм",Qualcomm SM8250 Snapdragon 865 (7 нм +),Android 10.0,8,2 SIM карты,4500 мАч,Type-C,"6.5""",2400 x 1080,32,128 Гб,6 Гб RAM,Galaxy S20 FE
Смартфон Samsung Galaxy A32 64GB Black (SM-A325F),76000005051,119 890 ₸,от 3 176 ₸/мес,чёрный,"159,3 x 73,1 x 8,6 мм",Mediatek Helio G80,Android 11,8,2 SIM карты,5000 мАч,Type C 2.0,"6.4""",2400 x 1080,20,64 Гб,4 Гб RAM,Galaxy A32
Смартфон Samsung Galaxy S20 FE 128GB Cloud Navy (SM-G780G),76000007151,269 890 ₸,от 7 150 ₸/мес,синий,"159,8 x 74,5 x 8,4 мм",Qualcomm SM8250 Snapdragon 865 (7 нм +),Android 10.0,8,2 SIM карты,4500 мАч,Type-C,"6.5""",2400 x 1080,32,128 Гб,6 Гб RAM,Galaxy S20 FE
Смартфон Samsung Galaxy A32 128GB White (SM-A325F),76000005056,129 890 ₸,от 3 441 ₸/мес,белый,"159,3 x 73,1 x 8,6 мм",Mediatek Helio G80,Android 11,8,2 SIM карты,5000 мАч,,"6.4""",2400 x 1080,20,128 Гб,4 Гб RAM,Galaxy A32
Смартфон Samsung Galaxy A32 128GB Black (SM-A325F),76000005055,129 890 ₸,от 3 441 ₸/мес,чёрный,"159,3 x 73,1 x 8,6 мм",Mediatek Helio G80,Android 11,8,2 SIM карты,5000 мАч,,"6.4""",2400 x 1080,20,128 Гб,4 Гб RAM,Galaxy A32
Смартфон Xiaomi Redmi Note 10s 6/64GB Pebble White,76000007515,109 990 ₸,от 2 914 ₸/мес,белый,160.46 x 74.5 x 8.29 мм,Mediatek Helio G95,Android 11,8,2 SIM карты,5000 мАч,Type-C,"6.4""",2400 x 1080,13,64 Гб,6 Гб RAM,Xiaomi Redmi Note 10s
Смартфон Xiaomi Poco X3 Pro 6/128GB Phantom Black,76000007514,119 990 ₸,от 3 179 ₸/мес,чёрный,210 x 380 x 232 мм,Qualcomm Snapdragon 860,Android 11,8,,5160 мАч,Type-C,"6.67""",2400 x 1080,20,128 Гб,6 Гб RAM,Xiaomi Poco X3 Pro
Смартфон Xiaomi Redmi Note 10s 6/64GB Onyx Gray,76000007269,109 990 ₸,от 2 914 ₸/мес,серый,160.46 x 74.5 x 8.29 мм,Mediatek Helio G95,Android 11,8,2 SIM карты,5000 мАч,Type-C,"6.4""",2400 x 1080,13,64 Гб,6 Гб RAM,Xiaomi Redmi Note 10s
Смартфон Xiaomi Redmi Note 10s 6/64GB Ocean Blue,76000007270,109 990 ₸,от 2 914 ₸/мес,голубой,160.46 x 74.5 x 8.29 мм,Mediatek Helio G95,Android 11,8,2 SIM карты,5000 мАч,Type-C,"6.4""",2400 x 1080,13,64 Гб,6 Гб RAM,Xiaomi Redmi Note 10s
Смартфон Xiaomi Redmi Note 9T 128GB Nightfall Black,76000004640,129 990 ₸,от 3 444 ₸/мес,чёрный,210 х 380 х 231 мм,MediaTek Dimensity 800U 5G,Android 10.0,8,2 SIM карты,5000 мАч,Type-C,"6.53""",2340×1080,,128 Гб,4 Гб RAM,Xiaomi Redmi note 9T
Смартфон Xiaomi Redmi 9T 64GB Ocean Green,76000004635,79 990 ₸,от 2 119 ₸/мес,зелёный,"162,3 x 77,3 x 9,6 мм",Qualcomm SM6115 Snapdragon 662 (11 нм),Android 10 (MIUI 12),8,2 SIM карты,6000 мАч,Type C 2.0,"6.53""",2340×1080,8 / f/2.1,64 Гб,4 Гб RAM,Xiaomi Redmi 9T
Смартфон Xiaomi Redmi Note 10 4/128GB Pebble White,76000004956,109 990 ₸,от 2 914 ₸/мес,белый,160.46 x 74.5 x 8.29 мм,Qualcomm Snapdragon 678,Android 11,8,2 SIM карты,5000 мАч,Type-C,"6.4""",2400 x 1080,13,128 Гб,4 Гб RAM,Xiaomi Redmi Note 10
Смартфон ViVO Y31 128GB Racing Black,76000004620,109 990 ₸,от 2 914 ₸/мес,чёрный,163.86 х 75.32 х 8.38 мм,Qualcomm SM6115 Snapdragon 662 (11 нм),Android 11,8,2 SIM карты,5000 мАч,Type-C,"6.59""",2400 x 1080,8,128 Гб,4 Гб RAM,ViVO Y31
Смартфон ViVO Y31 128GB Ocean Blue,76000004622,109 990 ₸,от 2 914 ₸/мес,голубой,163.86 х 75.32 х 8.38 мм,Qualcomm SM6115 Snapdragon 662 (11 нм),Android 11,8,2 SIM карты,5000 мАч,Type-C,"6.59""",2400 x 1080,8,128 Гб,4 Гб RAM,ViVO Y31
Смартфон OPPO A54 128GB Starry Blue,76000007149,129 990 ₸,от 3 444 ₸/мес,голубой,"163,6 х 757 х 84 мм",MediaTek Helio P35,Android 10.0,8,2 SIM карты,5000 мАч,Type-C,"6.5""",1600 x 720 Пикс,16,128 Гб,4 Гб RAM,OPPO A54
Смартфон OPPO Reno5 Lite Fluid Black,76000004964,159 990 ₸,от 4 239 ₸/мес,чёрный,73.2 x 160.1 x 7.8 мм,MediaTek Helio P95,Android 11,8,2 SIM карты,4310 мАч,,"6.4""",2400 x 1080,16,128 Гб,8 Гб RAM,OPPO Reno5 Lite
Смартфон OPPO Reno5 Starry Black,76000004962,199 990 ₸,от 5 299 ₸/мес,чёрный,159.1 x 73.3 x 7.7 мм,Snapdragon 720G,Android 11,8,2 SIM карты,4310 мАч,Type-C,"6.4""",2400 x 1080,44,128 Гб,8 Гб RAM,OPPO Reno5
Смартфон OPPO A15s 64GB Mystery Blue,76000004844,84 990 ₸,от 2 252 ₸/мес,голубой,164 x 75.4 x 7.9 мм,MediaTek Helio P35,Android 10.0,8,2 SIM карты,4230 мАч,microUSB,"6.5""",1600 x 720 Пикс,8,64 Гб,4 Гб RAM,OPPO A15s
Смартфон OPPO Reno5 Lite Fantastic Purple,76000004965,159 990 ₸,от 4 239 ₸/мес,фиолетовый,73.2 x 160.1 x 7.8 мм,MediaTek Helio P95,Android 11,8,2 SIM карты,4310 мАч,,"6.4""",2400 x 1080,16,128 Гб,8 Гб RAM,OPPO Reno5 Lite
Смартфон OPPO A54 64GB Crystal Black,76000007147,109 990 ₸,от 2 914 ₸/мес,чёрный,"163,6 х 757 х 84 мм",MediaTek Helio P35,Android 10.0,8,2 SIM карты,5000 мАч,Type-C,"6.5""",1600 x 720 Пикс,16,64 Гб,4 Гб RAM,OPPO A54
Смартфон OPPO A74 Midnight Blue,76000007145,139 990 ₸,от 3 709 ₸/мес,синий,"169,2 x 75,7 x 7,95 мм",Qualcomm SM6115 Snapdragon 662,,8,2 SIM карты,5000 мАч,,"6.4""",2400 x 1080,16,128 Гб,4 Гб RAM,OPPO A74
Смартфон OPPO A74 Prism Black,76000007144,139 990 ₸,от 3 709 ₸/мес,чёрный,"169,2 x 75,7 x 7,95 мм",Qualcomm SM6115 Snapdragon 662,,8,2 SIM карты,5000 мАч,,"6.4""",2400 x 1080,16,128 Гб,4 Гб RAM,OPPO A74
Смартфон OPPO A54 128GB Crystal Black,76000007148,129 990 ₸,от 3 444 ₸/мес,чёрный,"163,6 х 757 х 84 мм",MediaTek Helio P35,Android 10.0,8,2 SIM карты,5000 мАч,Type-C,"6.5""",1600 x 720 Пикс,16,128 Гб,4 Гб RAM,OPPO A54
Смартфон OPPO A54 64GB Starry Blue,76000007146,109 990 ₸,от 2 914 ₸/мес,голубой,"163,6 х 757 х 84 мм",MediaTek Helio P35,Android 10.0,8,2 SIM карты,5000 мАч,Type-C,"6.5""",1600 x 720 Пикс,16,64 Гб,4 Гб RAM,OPPO A54
Смартфон OPPO A15s 64GB Dynamic Black,76000004843,84 990 ₸,от 2 252 ₸/мес,чёрный,164 x 75.4 x 7.9 мм,MediaTek Helio P35,Android 10.0,8,2 SIM карты,4230 мАч,microUSB,"6.5""",1600 x 720 Пикс,8,64 Гб,4 Гб RAM,OPPO A15s
Смартфон OPPO Reno5 Fantasy Silver,76000004963,199 990 ₸,от 5 299 ₸/мес,серебристый,159.1 x 73.3 x 7.7 мм,Snapdragon 720G,Android 11,8,2 SIM карты,4310 мАч,Type-C,"6.4""",2400 x 1080,44,128 Гб,8 Гб RAM,OPPO Reno5
Смартфон Samsung Galaxy A52 128GB Black (SM-A525),76000005249,159 890 ₸,от 4 236 ₸/мес,чёрный,75.1 х 159.9 х 8.4 мм,Snapdragon 720G,Android 11,8,,4500 мАч,Type C 2.0,"6.5""",2400 x 1080,32,128 Гб,4 Гб RAM,Galaxy A52
Смартфон X-AGE G1 Black,76000007723,39 990 ₸,от 1 059 ₸/мес,чёрный,154.2 x 75.6 x 7.8 мм,Mediatek MTK6739,Android 8.1,4,2 SIM карты,3500 мАч,microUSB,"6.18""",1440 x 720 Пикс,5,32 Гб,3 Гб RAM,X-AGE G1
Смартфон X-AGE G1 Lite Black,76000007722,29 990 ₸,от 795 ₸/мес,чёрный,148 x 75 x 9.8 мм,Mediatek MTK6739,Android 8.1,4,2 SIM карты,2700 мАч,microUSB,"5.5""",1280 х 720 Пикс,,16 Гб,2 Гб RAM,X-AGE G1
Смартфон Samsung Galaxy A22 64GB White (SM-A225FZWDSKZ),76000007624,99 890 ₸,от 2 646 ₸/мес,белый,159.3 x 73.6 x 8.4 мм,,Android 11,8,,5000 мАч,Type-C,"6,4""",1600 x 720 Пикс,13,64 Гб,4 Гб RAM,Galaxy A22
Смартфон Xiaomi Redmi 9T 128GB Twilight Blue,76000004637,89 990 ₸,от 2 384 ₸/мес,голубой,"162,3 x 77,3 x 9,6 мм",Qualcomm SM6115 Snapdragon 662 (11 нм),Android 10 (MIUI 12),8,2 SIM карты,6000 мАч,Type C 2.0,"6.53""",,8 / f/2.1,128 Гб,4 Гб RAM,Xiaomi Redmi 9T
Смартфон Xiaomi Redmi 9A 32GB Peacock Green,76000007268,54 990 ₸,от 1 457 ₸/мес,зелёный,"164,85 x 77.07 x 9.0 мм",MediaTek Helio G25 (12 нм),Android 10.0,8,2 SIM карты,5000 мАч,Type-C,"6.53""",1600 x 720 Пикс,5,32 Гб,2 Гб RAM,Xiaomi Redmi 9A
Смартфон Xiaomi Mi 11 Lite 5G 8/128GB Truffle Black,76000007591,199 990 ₸,от 5 299 ₸/мес,чёрный,"16 х 7,57 х 0,68 мм",Qualcomm Snapdragon 780G,Android,8,2 SIM карты,4250 мАч,Type-C,"6.55""",2400 x 1080,20,128 Гб,8 Гб RAM,Mi 11 Lite
Xiaomi Mi 11 8/256GB Midnight Gray,76000007587,399 990 ₸,от 10 597 ₸/мес,серый,210 х 160 х 90 мм,Snapdragon 888,Android 11,8,2 SIM карты,4600 мАч,Type C 2.0,"6.8""",3200 х 1440 Пикс,20,256 Гб,8 Гб RAM,Mi 11
Смартфон ViVO Y31 64GB Ocean Blue,76000007553,99 990 ₸,от 2 649 ₸/мес,голубой,163.86 х 75.32 х 8.38 мм,Qualcomm SM6115 Snapdragon 662 (11 нм),Android 11,8,2 SIM карты,5000 мАч,Type-C,"6.59""",2400 x 1080,8,64 Гб,4 Гб RAM,ViVO Y31
Смартфон ViVO Y31 64GB Racing Black,76000007552,99 990 ₸,от 2 649 ₸/мес,чёрный,163.86 х 75.32 х 8.38 мм,Qualcomm SM6115 Snapdragon 662 (11 нм),Android 11,8,2 SIM карты,5000 мАч,Type-C,"6.59""",2400 x 1080,8,64 Гб,4 Гб RAM,ViVO Y31
Realme C11 (2+32)GB 2021 Grey,76000007531,49 990 ₸,от 1 324 ₸/мес,серый,165.2 x 76.4 x 8.9 мм,Spreadtrum,Android 10.0,8,2 SIM карты,5000 мАч,microUSB,"6.53""",1600 x 720 Пикс,5,32 Гб,2 Гб RAM,Realme C11
Xiaomi Poco X3 Pro 8/256GB Frost Blue,76000007474,129 990 ₸,от 3 444 ₸/мес,синий,210 х 380 х 231 мм,Qualcomm Snapdragon 860,Android 11,8,2 SIM карты,5160 мАч,USB,"6.67""",2400 x 1080,20,256 Гб,8 Гб RAM,Xiaomi Poco X3 Pro
Xiaomi Poco X3 Pro 8/256GB Phantom Black,76000007473,129 990 ₸,от 3 444 ₸/мес,чёрный,210 х 380 х 231 мм,Qualcomm Snapdragon 860,Android 11,8,2 SIM карты,5160 мАч,USB,"6.67""",2400 x 1080,20,256 Гб,8 Гб RAM,Xiaomi Poco X3 Pro
Xiaomi Mi 11 8/256GB Horizon Blue,76000007472,399 990 ₸,от 10 597 ₸/мес,голубой,210 х 160 х 90 мм,Snapdragon 888,Android 11,8,2 SIM карты,4600 мАч,Type C 2.0,"6.8""",3200 х 1440 Пикс,20,256 Гб,8 Гб RAM,Mi 11
Xiaomi POCO M3 Pro 6/128GB Power Black,76000007471,109 990 ₸,от 2 914 ₸/мес,чёрный,161.81 x 75.34 x 8.92 мм,MediaTek Dimensity 700,Android 11,8,2 SIM карты,5000 мАч,Type-C,"6.5""",2400 x 1080,8,128 Гб,6 Гб RAM,POCO M3 Pro
Смартфон Xiaomi Mi 11 Lite 6/128GB Boba Black,76000007445,149 990 ₸,от 3 974 ₸/мес,чёрный,160.53 x 75.72 x 6.81 мм,Qualcomm Snapdragon 732G,Android 11,8,2 SIM карты,4250 мАч,Type C 1.0,"6.55""",2400 x 1080,16,128 Гб,6 Гб RAM,Mi 11 Lite
Смартфон Xiaomi POCO F3 8/256GB Night Black,76000007444,199 990 ₸,от 5 299 ₸/мес,чёрный,"163,7 x 76,4 x 7,8 мм",Snapdragon 870,Android,8,2 SIM карты,4520 мАч,Type-C,"6.67""",2400 x 1080,20,256 Гб,8 Гб RAM,POCO F3
Смартфон Xiaomi POCO M3 Pro 4/64GB Power Black,76000007443,89 990 ₸,от 2 384 ₸/мес,чёрный,161.81 x 75.34 x 8.92 мм,MediaTek Dimensity 700,Android 11,8,2 SIM карты,5000 мАч,Type-C,"6.5""",2400 x 1080,8,64 Гб,4 Гб RAM,POCO M3 Pro
Смартфон Vivo V21 Dusk Blue,76000007409,179 990 ₸,от 4 769 ₸/мес,синий,"159,7 × 73,9 × 7,3 мм",MTK Dimensity 800U,Android 11,8,2 SIM карты,4000 мАч,Type-C,"6.44""",2400 x 1080,44,128 Гб,8 Гб RAM,Vivo V21
Смартфон Xiaomi Redmi Note 10s 6/128GB Pebble White,76000007420,119 990 ₸,от 3 179 ₸/мес,белый,"160,5 x 74,5 x 8,3 мм",Mediatek Helio G95,Android 11,8,2 SIM карты,,Type C 2.0,"6.43""",2400 x 1080,13,128 Гб,6 Гб RAM,Xiaomi Redmi Note 10s
Смартфон Vivo V21E Roman Black,76000007411,149 990 ₸,от 3 974 ₸/мес,чёрный,,Snapdragon 720G,Android 11,8,2 SIM карты,4000 мАч,Type-C,"6.44""",2400 x 1080,44,128 Гб,8 Гб RAM,Vivo V21E
Смартфон Vivo V21 Sunset Dazzle,76000007410,179 990 ₸,от 4 769 ₸/мес,голубой,,MTK Dimensity 800U,,8,2 SIM карты,4000 мАч,Type-C,"6.44""",2400 x 1080,44,128 Гб,8 Гб RAM,Vivo V21
Смартфон Huawei P Smart 2019 Aurora Blue,RS400015351,79 890 ₸,от 2 117 ₸/мес,синий,155.2x73.4x8 мм,,Android 9.0,,,3400 мАч,microUSB 2.0 / USB On-The-Go,"6.21""",,8,32 Гб,,Huawei P Smart (2019)
Смартфон Huawei P Smart 2019 Midnight Black,RS400015350,69 990 ₸,от 1 854 ₸/мес,чёрный,155.2x73.4x8 мм,,Android 9.0,,,3400 мАч,microUSB 2.0 / USB On-The-Go,"6.21""",,8,32 Гб,,Huawei P Smart (2019)
"Смартфон Huawei P30, 128Gb, Aurora",RS400015945,249 890 ₸,от 6 621 ₸/мес,синий,,,Android 9.0 (Pie),,,3650 мАч,да / USB 3.1 / Type-C,"6.1""",2340×1080,32 / f/2.0 / HDR,128 Гб,,Huawei P30
"Смартфоны Huawei, Y5 lite Amber Brown, 16G",RS400016515,39 990 ₸,от 1 059 ₸/мес,коричневый,"146,5 х 70,9 х 8,3 мм",MediaTek MT6739,Android 8.1,,,3020 мАч,USB 2.0 / microUSB,"5.45""",1440 x 720 Пикс,5 / f/2.2,16 Гб,,Huawei Y5 Lite
"Смартфоны Huawei, P Smart Z Emerald Green, 64GВ",RS400016497,99 990 ₸,от 2 649 ₸/мес,зелёный,163.5 х 77.3 х 8.8 мм,4 x 2.2 ГГц Cortex-A73 и 4 x 1.7 ГГц Cortex-A53,Android 9.0 (Pie); EMUI 9,,,,USB 2.0 / Type C 1.0,"6.59""",2340×1080,16 / f/2.0,64 Гб,,Huawei P Smart (2019)
"Смартфоны Huawei, P Smart Z Midnight Black, 64GВ",RS400016495,99 950 ₸,от 2 648 ₸/мес,чёрный,163.5 х 77.3 х 8.8 мм,4 x 2.2 ГГц Cortex-A73 и 4 x 1.7 ГГц Cortex-A53,Android 9.0 (Pie); EMUI 9,,,,USB 2.0 / Type C 1.0,"6.59""",2340×1080,16 / f/2.0,64 Гб,,Huawei P Smart (2019)
"Смартфон Huawei, Y5 2019 Amber Brown, 32GB",RS400016418,54 990 ₸,от 1 457 ₸/мес,коричневый,147.1 x 70.8 x 8.5 мм,,Android 9.0,,,3020 мАч,microUSB 2.0,5.71',1520 х 720 Пикс,5 / f/2.2,32 Гб,,Huawei Y5 (2019)
Смартфон ViVO Y91C Ocean blue,RS400016478,34 990 ₸,от 927 ₸/мес,синий,155.11 x 75.09 x 8.28 мм,,Android 8.1,,,4030 мАч,USB 2.0,,1520 х 720 Пикс,,32 Гб,,ViVO Y91C
Смартфон iPhone 11 256GB Slim Box Black,RS400017416,454 890 ₸,от 12 052 ₸/мес,чёрный,150.9 x 75.7 x 8.3 мм,2 x 2.65 ГГц Lightning + 4 x 1.8 ГГц Thunder,iOS 13,,,3046 мАч,,,1792 x 828 Пикс,,256 Гб,,iPhone 11
Смартфон iPhone 11 64GB Slim Box (PRODUCT)RED,RS400017406,314 890 ₸,от 8 343 ₸/мес,красный,150.9 x 75.7 x 8.3 мм,2 x 2.65 ГГц Lightning + 4 x 1.8 ГГц Thunder,iOS 13,,,3046 мАч,,,1792 x 828 Пикс,,64 Гб,,iPhone 11
Смартфон Nokia 3.2 DS черный,RS400017349,19 990 ₸,от 530 ₸/мес,чёрный,146.3 x 68.7 x 8.7 мм,4x1.5 ГГц Cortex-A53 & 4x1.0 ГГц Cortex-A53,Android 8.0 (Oreo),,,2990 мАч,microUSB 2.0,"5.2""",1440 x 720 Пикс,8,16 Гб,,Nokia 3.1
Смартфон ViVO Y19 Spring White,RS400018280,99 990 ₸,от 2 649 ₸/мес,белый,"162,2 x 76,5 x 8,9 мм",Mediatek MT6768 Helio P65 (12 нм),Android 9.0 (Pie),,,5000 мАч,microUSB 2.0 / USB On-The-Go,"6.53""",2340×1080,16 / f/2.0 / HDR,128 Гб,,ViVO Y19
"Смартфон Huawei P40 Lite, 128GB, Sakura Pink",76000000466,109 890 ₸,от 2 911 ₸/мес,розовый,"159,2 x 76,3 x 8,7 мм",HiSilicon Kirin 810 (7 нм),EMUI 10.1 (На базе Android 10),,,4200 мАч,USB 2.0 / Type C 1.0 / reversible connector / USB On-The-Go,,2310 x 1080 Пикс,,128 Гб,,Huawei P40 Lite
"Смартфон Huawei P40 128GB, Black",76000000591,309 990 ₸,от 8 213 ₸/мес,чёрный,"148,9 х 71,1 х 8,5 мм",Кирин 990 5G (7 нм +),EMUI 10.1 (На базе Android 10),,,3800 мАч,да / USB 3.1 / Type C 1.0 / reversible connector / USB On-The-Go,"6.1""",2340×1080,32 / f/2.0,128 Гб,,Huawei P40 Lite
Смартфон OPPO Reno3 Midnight Black,76000000704,249 930 ₸,от 6 622 ₸/мес,чёрный,"160,2 x 73,3 x 7,9 мм",Mediatek MT6779 Helio P90 (12 нм),Android 10.0,,,4025 мАч,да / USB 2.0 / Type C 1.0 / reversible connector / USB On-The-Go,"6.4""",2400 x 1080,да / 44 / f/2.4 / HDR,128 Гб,,OPPO Reno 3 Pro
Смартфон Apple iPhone SE 64GB Slim Box (PRODUCT)RED,76000000574,229 890 ₸,от 6 091 ₸/мес,красный,"138,4 х 67,3 х 7,3 мм",Apple A13 Bionic,iOS 13,,,1821 мАч,да / USB 2.0 / reversible connector,,1334 x 750 Пикс,,64 Гб,,iPhone SE
Смартфон Apple iPhone SE 128GB Slim Box Black,76000000568,259 890 ₸,от 6 885 ₸/мес,чёрный,"138,4 х 67,3 х 7,3 мм",Apple A13 Bionic,iOS 13,,,1821 мАч,да / USB 2.0 / reversible connector,,1334 x 750 Пикс,,128 Гб,,iPhone SE
Смартфон Samsung Galaxy A31 White (SM-A315F),76000000525,109 930 ₸,от 2 912 ₸/мес,белый,"159,3 x 73,1 x 8,6 мм",,Android 10.0,,,5000 мАч,да / USB 2.0 / Type C 1.0 / reversible connector / USB On-The-Go,"6.4""",2400 x 1080,да / 20 / f/2.2,64 Гб,,Galaxy A31
"Смартфон Huawei P40 Lite, 128GB, Crush Green",76000000465,109 890 ₸,от 2 911 ₸/мес,зелёный,"159,2 x 76,3 x 8,7 мм",HiSilicon Kirin 810 (7 нм),EMUI 10.1 (На базе Android 10),,,4200 мАч,USB 2.0 / Type C 1.0 / reversible connector / USB On-The-Go,,2310 x 1080 Пикс,,128 Гб,,Huawei P40 Lite
"Смартфон Huawei P40 Lite, 128GB,Midnight Black",76000000464,109 890 ₸,от 2 911 ₸/мес,чёрный,"159,2 x 76,3 x 8,7 мм",HiSilicon Kirin 810 (7 нм),EMUI 10.1 (На базе Android 10),,,4200 мАч,USB 2.0 / Type C 1.0 / reversible connector / USB On-The-Go,,2310 x 1080 Пикс,,128 Гб,,Huawei P40 Lite
Смартфон Samsung Galaxy A21s Black (SM-A217F),76000000873,89 930 ₸,от 2 383 ₸/мес,чёрный,"163,7 х 75,3 х 8,9 мм",Exynos 850 (8 нм),Android 10.0,,,5000 мАч,да / USB 2.0 / Type C 1.0,,1600 x 720 Пикс,,32 Гб,,Galaxy A21s
Смартфон OPPO A52 Twilight Black,76000000876,99 930 ₸,от 2 648 ₸/мес,чёрный,"162 x 75,5 x 8,9 мм",Qualcomm SM6125 Snapdragon 665 (11 нм),Android 10.0,,,5000 мАч,да / USB 2.0 / Type C 1.0 / reversible connector / USB On-The-Go,"6.5""",2400 x 1080,да / 8 / HDR,64 Гб,,OPPO A52
"Смартфон Huawei Y8p, 128GB Breathing Crystal",76000000731,89 890 ₸,от 2 382 ₸/мес,голубой,,Кирин 710F (12 нм),EMUI 10.1 (На базе Android 10),,,4000 мАч,да / USB 2.0 / Type C 1.0 / reversible connector / USB On-The-Go,,2400 x 1080,,128 Гб,,Huawei Y8p
"Смартфон Huawei Y6p, 64GB Emerald Green",76000000728,69 930 ₸,от 1 853 ₸/мес,зелёный,"159,1 х 74,1 х 9 мм",Mediatek MT6762R Helio P22 (12 нм),EMUI 10.1 (На базе Android 10),,,5000 мАч,да / USB 2.0 / microUSB,"6.3""",1600 x 720 Пикс,8 / f/2.0 / HDR,64 Гб,,Huawei Y6p
"Смартфон Huawei Y8p, 128GB Midnight Black",76000000730,89 890 ₸,от 2 382 ₸/мес,чёрный,,Кирин 710F (12 нм),EMUI 10.1 (На базе Android 10),,,4000 мАч,да / USB 2.0 / Type C 1.0 / reversible connector / USB On-The-Go,,2400 x 1080,,128 Гб,,Huawei Y8p
Смартфон Xiaomi Redmi Note 9 Pro 6/64GB зелёный,76000000895,119 990 ₸,от 3 179 ₸/мес,зелёный,"165,8 х 76,7 х 8,8 мм",Qualcomm SM7125 Snapdragon 720G (8 нм),Android 10 (MIUI 11),,,5020 мАч,USB 2.0 / Type C 1.0 / reversible connector,,2400 x 1080,,64 Гб,,Xiaomi Redmi note 9 Pro
Смартфон ViVO Y30 Dazzle Blue,76000001445,89 990 ₸,от 2 384 ₸/мес,голубой,"162 x 76,5 x 9,1 мм",Mediatek MT6765 Helio P35 (12 нм),Android 10.0,,,5000 мАч,USB 2.0 / Type C 1.0 / reversible connector / USB On-The-Go,"6.47""",1560 x 720,8,64 Гб,,ViVO Y30
Смартфон ViVO Y30 Emerald Black,76000001444,89 990 ₸,от 2 384 ₸/мес,чёрный,"162 x 76,5 x 9,1 мм",Mediatek MT6765 Helio P35 (12 нм),Android 10.0,,,5000 мАч,USB 2.0 / Type C 1.0 / reversible connector / USB On-The-Go,"6.47""",1560 x 720,8,64 Гб,,ViVO Y30
Смартфон Samsung Galaxy A11 White (SM-A115F),76000001208,59 890 ₸,от 1 587 ₸/мес,белый,"161,4 х 76,3 х 8 мм",,Android 10.0,,,4000 мАч,да / USB 2.0 / Type-C,"6.4""",1560 x 720,8 / f/2.0,32 Гб,,Galaxy A11
Смартфон OPPO A91 Modern Red,76000002503,89 990 ₸,от 2 384 ₸/мес,красный,"160,2 x 73,3 x 7,9 мм",Mediatek MT6771V Helio P70 (12 нм),Android 9.0 (Pie),,,4025 мАч,да / USB 2.0 / Type C 1.0 / reversible connector / USB On-The-Go,,2400 x 1080,,128 Гб,,OPPO A91
Смартфон iPhone 12 256GB Slim Box (PRODUCT)RED,76000002928,514 890 ₸,от 13 641 ₸/мес,красный,"146,7 x 71,5 x 7,4 мм",Apple A14 Bionic,iOS 14,,,,USB 2.0,"6.1""",2532 х 1170 Пикс,да / двойная / 12 / HDR / gyro EIS,256 Гб,,iPhone 12
Смартфон iPhone 12 128GB Slim Box Black,76000002924,454 890 ₸,от 12 052 ₸/мес,чёрный,"146,7 x 71,5 x 7,4 мм",Apple A14 Bionic,iOS 14,,,,USB 2.0,"6.1""",2532 х 1170 Пикс,да / двойная / 12 / HDR / gyro EIS,128 Гб,,iPhone 12
Смартфон iPhone 12 128GB Slim Box Green,76000002926,454 890 ₸,от 12 052 ₸/мес,зелёный,"146,7 x 71,5 x 7,4 мм",Apple A14 Bionic,iOS 14,,,,USB 2.0,"6.1""",2532 х 1170 Пикс,да / двойная / 12 / HDR / gyro EIS,128 Гб,,iPhone 12
Смартфон Samsung Galaxy S20 FE Violet (SM-G780F),76000002655,269 890 ₸,от 7 150 ₸/мес,фиолетовый,"159,8 x 74,5 x 8,4 мм",Samsung Exynos 990,Android 10.0,,,4500 мАч,да / Type C 1.0 / USB On-The-Go / Power Delivery 3.0,,2400 x 1080,,128 Гб,,Galaxy S20 FE
Смартфон OPPO A53 64GB Fancy Blue,76000002985,99 990 ₸,от 2 649 ₸/мес,голубой,,Qualcomm SM4250 Snapdragon 460 (11 нм),Android 10.0,,,5000 мАч,да / Type C 2.0,"6.5""",1600 x 720 Пикс,16 / f/2.0 / HDR,64 Гб,,OPPO A53
Смартфон OPPO A53 64GB Mint Cream,76000002984,99 990 ₸,от 2 649 ₸/мес,зелёный,,Qualcomm SM4250 Snapdragon 460 (11 нм),Android 10.0,,,5000 мАч,да / Type C 2.0,"6.5""",1600 x 720 Пикс,16 / f/2.0 / HDR,64 Гб,,OPPO A53
Смартфон OPPO A53 64GB Electric Black,76000002983,99 990 ₸,от 2 649 ₸/мес,чёрный,,Qualcomm SM4250 Snapdragon 460 (11 нм),Android 10.0,,,5000 мАч,да / Type C 2.0,"6.5""",1600 x 720 Пикс,16 / f/2.0 / HDR,64 Гб,,OPPO A53
Смартфон iPhone 12 Pro Max 256GB Slim Box Silver,76000002975,709 890 ₸,от 18 808 ₸/мес,серебристый,"160,8 x 78,1 x 7,4 мм",Apple A14 Bionic,iOS 14,,,,USB 2.0,"6.7""",2778 х 1284 Пикс,да / двойная / 12 / HDR / gyro EIS / TOF 3D camera,256 Гб,,iPhone 12 Pro Max
Смартфон iPhone 12 Pro Max 256GB Slim Box Pacific Blue,76000002977,709 890 ₸,от 18 808 ₸/мес,синий,"160,8 x 78,1 x 7,4 мм",Apple A14 Bionic,iOS 14,,,,USB 2.0,,2778 х 1284 Пикс,,256 Гб,,iPhone 12 Pro Max
Смартфон iPhone 12 256GB Slim Box Black,76000002929,514 890 ₸,от 13 641 ₸/мес,чёрный,"146,7 x 71,5 x 7,4 мм",Apple A14 Bionic,iOS 14,,,,USB 2.0,"6.1""",2532 х 1170 Пикс,да / двойная / 12 / HDR / gyro EIS,256 Гб,,iPhone 12
Xiaomi Poco X3 128GB Shadow Gray,76000003067,129 990 ₸,от 3 444 ₸/мес,серый,"165,3 x 76,8 x 10,1 мм",Qualcomm SM7150-AC Snapdragon 732G (8 нм),Android 10 (MIUI 12),,,6000 мАч,да / Type C 2.0,"6.67""",2400 x 1080,20 / f/2.2 / HDR,128 Гб,,Xiaomi Poco X3
Смартфон Realme 6 4/128GB Blue,76000003192,128 890 ₸,от 3 415 ₸/мес,синий,"162,1 x 74,8 x 8,9 мм",Mediatek MT6785 Helio G90T (12 нм),Android 10.0,,,4300 мАч,да / Type C 2.0,"6.5""",2400 x 1080,16 / f/2.0 / HDR,128 Гб,,Realme 6
Смартфон Realme 6 4/128GB White,76000003191,128 890 ₸,от 3 415 ₸/мес,белый,"162,1 x 74,8 x 8,9 мм",Mediatek MT6785 Helio G90T (12 нм),Android 10.0,,,4300 мАч,да / Type C 2.0,"6.5""",2400 x 1080,16 / f/2.0 / HDR,128 Гб,,Realme 6
Смартфон ViVO Y1S Olive Black,76000003263,59 990 ₸,от 1 589 ₸/мес,чёрный,155.11 х 75.09 х 8.28 мм,MediaTek MT6765,Android 10.0,,,4030 мАч,microUSB,,1520 х 720 Пикс,,32 Гб,,ViVO Y1S
Смартфон ViVO Y12S Nebula Blue,76000003260,69 990 ₸,от 1 854 ₸/мес,синий,"164,41 х 76,32 х 8,41 мм",MediaTek Helio P35,Android 10.0,,,5000 мАч,microUSB,,1600 x 720 Пикс,,32 Гб,,ViVO Y12S
Смартфон ViVO Y12S Phantom Black,76000003258,69 990 ₸,от 1 854 ₸/мес,чёрный,"164,41 х 76,32 х 8,41 мм",MediaTek Helio P35,Android 10.0,,,5000 мАч,microUSB,,1600 x 720 Пикс,,32 Гб,,ViVO Y12S
Смартфон Realme 6 8/128GB White,76000003193,138 890 ₸,от 3 680 ₸/мес,белый,"162,1 x 74,8 x 8,9 мм",Mediatek MT6785 Helio G90T (12 нм),Android 10.0,,,4300 мАч,да / Type C 2.0,"6.5""",2400 x 1080,16 / f/2.0 / HDR,128 Гб,,Realme 6
Смартфон Vivo V20SE Oxygen Blue,76000003311,134 990 ₸,от 3 576 ₸/мес,голубой,"161 x 74,1 x 7,8 мм",Qualcomm SDM665 Snapdragon 665 (11 нм),Android 10.0,,,4100 мАч,да / Type C 2.0,,2400 x 1080,,128 Гб,,ViVO V20 SE
Смартфон Vivo V20SE Gravity Black,76000003310,134 990 ₸,от 3 576 ₸/мес,чёрный,"161 x 74,1 x 7,8 мм",Qualcomm SDM665 Snapdragon 665 (11 нм),Android 10.0,,,4100 мАч,да / Type C 2.0,,2400 x 1080,,128 Гб,,ViVO V20 SE
Смартфон ViVO Y1S Ripple Blue,76000003303,59 990 ₸,от 1 589 ₸/мес,голубой,155.11 х 75.09 х 8.28 мм,MediaTek MT6765,Android 10.0,,,4030 мАч,microUSB,,1520 х 720 Пикс,,32 Гб,,ViVO Y1S
Huawei P Smart 2021 Midnight Black,76000004118,99 890 ₸,от 2 646 ₸/мес,чёрный,"165,7 x 76,9 x 9,3 мм",HUAWEI Kirin 710A,Android 10.0,,,5000 мАч,да / Type C 2.0,,2400 x 1080,,128 Гб,,Huawei P Smart (2021)
Huawei P Smart 2021 Crush Green,76000004117,99 890 ₸,от 2 646 ₸/мес,зелёный,"165,7 x 76,9 x 9,3 мм",HUAWEI Kirin 710A,Android 10.0,,,5000 мАч,да / Type C 2.0,,2400 x 1080,,128 Гб,,Huawei P Smart (2021)
Смартфон Xiaomi Redmi Note 9S 64GB Interstellar Grey,76000004164,89 990 ₸,от 2 384 ₸/мес,серый,"165,8 х 76,7 х 8,8 мм",Qualcomm SM7125 Snapdragon 720G (8 нм),Android 10 (MIUI 11),,,5020 мАч,USB 2.0 / Type C 1.0 / USB On-The-Go,"6.67""",2400 x 1080,да / 16 / f/2.5 / HDR,64 Гб,,Xiaomi Redmi Note 9S
Смартфон Xiaomi Redmi Note 9S 64GB Glacier White,76000004163,89 990 ₸,от 2 384 ₸/мес,белый,"165,8 х 76,7 х 8,8 мм",Qualcomm SM7125 Snapdragon 720G (8 нм),Android 10 (MIUI 11),,,5020 мАч,USB 2.0 / Type C 1.0 / USB On-The-Go,,2400 x 1080,,64 Гб,,Xiaomi Redmi Note 9S
Смартфон Xiaomi Redmi Note 9S 64GB Aurora Blue,76000004162,89 990 ₸,от 2 384 ₸/мес,синий,"165,8 х 76,7 х 8,8 мм",Qualcomm SM7125 Snapdragon 720G (8 нм),Android 10 (MIUI 11),,,5020 мАч,USB 2.0 / Type C 1.0 / USB On-The-Go,"6.67""",2400 x 1080,да / 16 / f/2.5 / HDR,64 Гб,,Xiaomi Redmi Note 9S
Смартфон Samsung Galaxy A12 64GB Red (SM-A125),76000004316,79 890 ₸,от 2 117 ₸/мес,красный,"164 x 75,8 x 8,9 мм",Mediatek MT6765 Helio P35,Android 10.0,,,5000 мАч,Type C 2.0,,1600 x 720 Пикс,,64 Гб,,Galaxy A12
Смартфон Samsung Galaxy A12 64GB Blue (SM-A125),76000004314,79 890 ₸,от 2 117 ₸/мес,синий,"164 x 75,8 x 8,9 мм",Mediatek MT6765 Helio P35,Android 10.0,,,5000 мАч,Type C 2.0,,1600 x 720 Пикс,,64 Гб,,Galaxy A12
Смартфон Samsung Galaxy A12 64GB Black (SM-A125),76000004315,79 890 ₸,от 2 117 ₸/мес,чёрный,"164 x 75,8 x 8,9 мм",Mediatek MT6765 Helio P35,Android 10.0,,,5000 мАч,Type C 2.0,,1600 x 720 Пикс,,64 Гб,,Galaxy A12
Смартфон Samsung Galaxy A12 32GB Red (SM-A125),76000004313,69 890 ₸,от 1 852 ₸/мес,красный,"164 x 75,8 x 8,9 мм",Mediatek MT6765 Helio P35,Android 10.0,,,5000 мАч,Type C 2.0,,1600 x 720 Пикс,,32 Гб,,Galaxy A12
Смартфон Samsung Galaxy S21 128GB Slim Box Gray (SM-G991),76000004387,349 890 ₸,от 9 270 ₸/мес,серый,"151,7 x 71,2 x 7,9 мм",Exynos 2100,Android 11,,,4000 мАч,да / Type-C 3.2,,2400 x 1080,,128 Гб,,Galaxy S21
Смартфон ViVO Y20 Nebula Blue,76000004208,79 990 ₸,от 2 119 ₸/мес,синий,"164,4 x 76,3 x 8,4 мм",Qualcomm SM4250 Snapdragon 460 (11 нм),Android 10.0,,,5000 мАч,USB 2.0,,1600 x 720 Пикс,,64 Гб,,ViVO Y20
Смартфон ViVO Y20 Obsidian Black,76000004207,79 990 ₸,от 2 119 ₸/мес,чёрный,"164,4 x 76,3 x 8,4 мм",Qualcomm SM4250 Snapdragon 460 (11 нм),Android 10.0,,,5000 мАч,USB 2.0,,1600 x 720 Пикс,,64 Гб,,ViVO Y20
Смартфон Xiaomi Redmi 9T 128GB Carbon Gray,76000004636,89 990 ₸,от 2 384 ₸/мес,серый,"162,3 x 77,3 x 9,6 мм",Qualcomm SM6115 Snapdragon 662 (11 нм),Android 10 (MIUI 12),8,2 SIM карты,6000 мАч,Type C 2.0,"6.53""",2340×1080,8 / f/2.1,128 Гб,4 Гб RAM,Xiaomi Redmi 9T
"Смартфон Huawei Mate 20 Pro, 128 GB, Emerald green",RS400014647,239 890 ₸,от 6 356 ₸/мес,зелёный,157.8 x 72.3 x 8.6 мм,2x2.6 ГГц Cortex-A76 & 2x1.92 ГГц Cortex-A76 & 4x1.8 ГГц Cortex-A55,Android 9.0 (Pie); EMUI 9,,,4200 мАч,USB 3.1 / Type C 1.0 / USB On-The-Go,"6.39""",,24 / f/2.0,128 Гб,,Huawei Mate 20 Pro
Смартфон iPhone 13 mini 256GB Slim Box Blue,76000009097,494 890 ₸,от 13 112 ₸/мес,синий,"149,9 х 82,3 х 26,9 мм",A15 Bionic,iOS,6,1 SIM карта,,Lightning,5.4,2340×1080,12,256 Гб,,iPhone 13 mini
Смартфон iPhone 13 mini 256GB Slim Box Pink,76000009095,494 890 ₸,от 13 112 ₸/мес,розовый,"149,9 х 82,3 х 26,9 мм",A15 Bionic,iOS,6,1 SIM карта,,Lightning,5.4,2340×1080,12,256 Гб,,iPhone 13 mini
Смартфон iPhone 13 mini 256GB Slim Box Starlight,76000009094,494 890 ₸,от 13 112 ₸/мес,белый,"149,9 х 82,3 х 26,9 мм",A15 Bionic,iOS,6,1 SIM карта,,Lightning,5.4,2340×1080,12,256 Гб,,iPhone 13 mini
Смартфон iPhone 13 mini 256GB Slim Box Midnight,76000009093,494 890 ₸,от 13 112 ₸/мес,чёрный,"149,9 х 82,3 х 26,9 мм",A15 Bionic,iOS,6,1 SIM карта,,Lightning,5.4,2340×1080,12,256 Гб,,iPhone 13 mini
Смартфон iPhone 13 mini 128GB Slim Box Blue,76000009092,434 990 ₸,от 11 525 ₸/мес,синий,"149,9 х 82,3 х 26,9 мм",A15 Bionic,iOS,6,1 SIM карта,,Lightning,5.4,2340×1080,12,128 Гб,,iPhone 13 mini
Смартфон iPhone 13 mini 128GB Slim Box (PRODUCT)RED,76000009091,434 890 ₸,от 11 522 ₸/мес,красный,"149,9 х 82,3 х 26,9 мм",A15 Bionic,iOS,6,1 SIM карта,,Lightning,5.4,2340×1080,12,128 Гб,,iPhone 13 mini
Смартфон iPhone 13 mini 128GB Slim Box Starlight,76000009089,434 990 ₸,от 11 525 ₸/мес,белый,"149,9 х 82,3 х 26,9 мм",A15 Bionic,iOS,6,1 SIM карта,,Lightning,5.4,2340×1080,12,128 Гб,,iPhone 13 mini
Смартфон iPhone 13 mini 128GB Slim Box Midnight,76000009088,434 990 ₸,от 11 525 ₸/мес,чёрный,"149,9 х 82,3 х 26,9 мм",A15 Bionic,iOS,6,1 SIM карта,,Lightning,5.4,2340×1080,12,128 Гб,,iPhone 13 mini
Смартфон iPhone 13 Pro Max 512GB Slim Box Sierra Blue,76000009082,864 990 ₸,от 22 917 ₸/мес,голубой,"179,3 х 96,2 х 28,1 мм",A15 Bionic,iOS,,1 SIM карта,,Lightning,"6.7""",2778 х 1284 Пикс,12,512 Гб,,iPhone 13 Pro Max
Смартфон iPhone 13 Pro Max 128GB Slim Box Gold,76000009073,679 990 ₸,от 18 016 ₸/мес,золотистый,"179,3 х 96,2 х 28,1 мм",A15 Bionic,iOS,,1 SIM карта,,Lightning,"6.7""",2778 х 1284 Пикс,12,128 Гб,,iPhone 13 Pro Max
Смартфон iPhone 13 Pro Max 128GB Slim Box Silver,76000009072,679 990 ₸,от 18 016 ₸/мес,серебристый,"179,3 х 96,2 х 28,1 мм",A15 Bionic,iOS,,1 SIM карта,,Lightning,"6.7""",2778 х 1284 Пикс,12,128 Гб,,iPhone 13 Pro Max
Смартфон iPhone 13 Pro 1TB Slim Box Graphite,76000009067,929 990 ₸,от 24 639 ₸/мес,серый,"179,3 х 96,2 х 28,1 мм",A15 Bionic,iOS,,1 SIM карта,,Lightning,"6.7""",2778 х 1284 Пикс,12,1 Тб,,iPhone 13 Pro
Смартфон iPhone 13 Pro 256GB Slim Box Silver,76000009060,679 990 ₸,от 18 016 ₸/мес,серебристый,"179,3 х 96,2 х 28,1 мм",A15 Bionic,iOS,,1 SIM карта,,Lightning,"6.7""",2778 х 1284 Пикс,12,256 Гб,,iPhone 13 Pro
Смартфон iPhone 13 Pro 128GB Slim Box Sierra Blue,76000009058,619 990 ₸,от 16 426 ₸/мес,голубой,"179,3 х 96,2 х 28,1 мм",A15 Bionic,iOS,,1 SIM карта,,Lightning,"6.7""",2778 х 1284 Пикс,12,128 Гб,,iPhone 13 Pro
Смартфон iPhone 13 512GB Slim Box Midnight,76000008800,679 990 ₸,от 18 016 ₸/мес,чёрный,"165 х 86,9 х 26,9 мм",A15 Bionic,iOS,6,1 SIM карта,,Lightning,"6.1""",2532 х 1170 Пикс,12,512 Гб,,iPhone 13
Смартфон iPhone 13 512GB Slim Box Blue,76000008804,679 990 ₸,от 18 016 ₸/мес,синий,"165 х 86,9 х 26,9 мм",A15 Bionic,iOS,6,1 SIM карта,,Lightning,"6.1""",2532 х 1170 Пикс,12,512 Гб,,iPhone 13
Смартфон iPhone 13 256GB Slim Box Starlight,76000008796,559 990 ₸,от 14 836 ₸/мес,белый,"165 х 86,9 х 26,9 мм",A15 Bionic,iOS,6,1 SIM карта,,Lightning,"6.1""",2532 х 1170 Пикс,12,256 Гб,,iPhone 13
Смартфон iPhone 13 256GB Slim Box Pink,76000008797,559 890 ₸,от 14 834 ₸/мес,розовый,"165 х 86,9 х 26,9 мм",A15 Bionic,iOS,6,1 SIM карта,,Lightning,"6.1""",2532 х 1170 Пикс,12,256 Гб,,iPhone 13
Смартфон iPhone 13 256GB Slim Box Midnight,76000008795,559 890 ₸,от 14 834 ₸/мес,чёрный,"165 х 86,9 х 26,9 мм",A15 Bionic,iOS,6,1 SIM карта,,Lightning,"6.1""",2532 х 1170 Пикс,12,256 Гб,,iPhone 13
Смартфон iPhone 13 128GB Slim Box Pink,76000008792,494 990 ₸,от 13 114 ₸/мес,розовый,"165 х 86,9 х 26,9 мм",A15 Bionic,iOS,6,1 SIM карта,,Lightning,"6.1""",2532 х 1170 Пикс,12,128 Гб,,iPhone 13
Смартфон iPhone 13 128GB Slim Box Midnight,76000008790,494 990 ₸,от 13 114 ₸/мес,чёрный,"165 х 86,9 х 26,9 мм",A15 Bionic,iOS,6,1 SIM карта,,Lightning,"6.1""",2532 х 1170 Пикс,12,128 Гб,,iPhone 13
Смартфон iPhone 13 128GB Slim Box Blue,76000008794,494 990 ₸,от 13 114 ₸/мес,синий,"165 х 86,9 х 26,9 мм",A15 Bionic,iOS,6,1 SIM карта,,Lightning,"6.1""",2532 х 1170 Пикс,12,128 Гб,,iPhone 13
Смартфон iPhone 13 128GB Slim Box (PRODUCT)RED,76000008793,494 990 ₸,от 13 114 ₸/мес,красный,"165 х 86,9 х 26,9 мм",A15 Bionic,iOS,6,1 SIM карта,,Lightning,"6.1""",2532 х 1170 Пикс,12,128 Гб,,iPhone 13
Смартфон Realme C21Y 4/64GB Blue,76000008648,69 990 ₸,от 1 854 ₸/мес,синий,164.5 x 76.0 x 9.1 мм,Unisoc T610 (12 nm),Android 10.0,8,2 SIM карты,5000 мАч,microUSB,"6.53""",1600 x 720 Пикс,5,64 Гб,4 Гб RAM,Realme C21Y
Смартфон Realme C21Y 4/64GB Black,76000008647,69 990 ₸,от 1 854 ₸/мес,чёрный,164.5 x 76.0 x 9.1 мм,Unisoc T610 (12 nm),Android 10.0,8,2 SIM карты,5000 мАч,microUSB,"6.53""",1600 x 720 Пикс,5,64 Гб,4 Гб RAM,Realme C21Y
Смартфон Xiaomi Redmi 9C 3/64GB Sunrise Orange,76000008452,64 990 ₸,от 1 722 ₸/мес,оранжевый,"164,85 x 77.07 x 9.0 мм",MediaTek Helio G35 (12 нм),Android 10.0,8,,5000 мАч,microUSB,"6.53""",1600 x 720 Пикс,5,64 Гб,3 Гб RAM,Xiaomi Redmi 9C
Смартфон Samsung Galaxy A03s 64GB White (SM-A037),76000008276,64 890 ₸,от 1 719 ₸/мес,белый,,MediaTek MT6765,Android 11,8,2 SIM карты,5000 мАч,USB 2.0 / Type C 1.0,,,5,64 Гб,4 Гб RAM,
Смартфон Xiaomi Redmi Note 10 Pro 6/128GB Onyx Gray,76000008055,139 990 ₸,от 3 709 ₸/мес,серый,210 х 380 х 230 мм,Qualcomm Snapdragon 732G,Android,8,2 SIM карты,5020 мАч,USB 2.0 / Type C 1.0,"6.67""",2400 x 1080,16,128 Гб,6 Гб RAM,Xiaomi Redmi Note 10
Смартфон Xiaomi Poco F3 8/256GB Arctic White,76000008054,199 990 ₸,от 5 299 ₸/мес,белый,"16,37х7,64х0,78",Qualcomm Snapdragon 870,Android 11,8,2 SIM карты,2550 мАч,,"6.67""",2400 x 1080,20,256 Гб,8 Гб RAM,POCO F3
Смартфон Xiaomi Redmi 9 4/64GB Sunset Purple,76000007990,69 990 ₸,от 1 854 ₸/мес,фиолетовый,163.32 x 77.01 x 9.1 мм,,Android 10.0,8,2 SIM карты,5020 мАч,USB 2.0 / Type C 1.0,"6.53""",2340×1080,8,64 Гб,4 Гб RAM,Xiaomi Redmi 9
Смартфон Xiaomi Redmi 9 4/64GB Ocean Green,76000007989,69 990 ₸,от 1 854 ₸/мес,зелёный,163.32 x 77.01 x 9.1 мм,,Android 10.0,8,2 SIM карты,5020 мАч,USB 2.0 / Type C 1.0,"6.53""",2340×1080,8,64 Гб,4 Гб RAM,Xiaomi Redmi 9
Смартфон Xiaomi Redmi 9 4/64GB Carbon Grey,76000007988,69 990 ₸,от 1 854 ₸/мес,серый,163.32 x 77.01 x 9.1 мм,,Android 10.0,8,2 SIM карты,5020 мАч,USB 2.0 / Type C 1.0,"6.53""",2340×1080,8,64 Гб,4 Гб RAM,Xiaomi Redmi 9
Смартфон Xiaomi Redmi 9 3/32GB Ocean Green,76000007987,64 990 ₸,от 1 722 ₸/мес,зелёный,163.32 x 77.01 x 9.1 мм,,Android 10.0,8,2 SIM карты,5020 мАч,USB 2.0 / Type C 1.0,"6.53""",2340×1080,8,32 Гб,3 Гб RAM,Xiaomi Redmi 9
Смартфон Samsung Galaxy Z Fold 3 12/512GB Silver (SM-F926BZSGSKZ),76000007973,999 890 ₸,от 26 491 ₸/мес,серебристый,"158,2 x 128,1 x 6,4 мм",Qualcomm Snapdragon 888,Android,8,1 SIM карта,4400 мАч,Type-C,"7.6""",2208 x 1768Пикс,10 / 4,512 Гб,12 Гб RAM,Galaxy Z Fold 3
Смартфон Samsung Galaxy Z Fold 3 12/512GB Green (SM-F926BZGGSKZ),76000007972,999 890 ₸,от 26 491 ₸/мес,зелёный,"158,2 x 128,1 x 6,4 мм",Qualcomm Snapdragon 888,Android,8,1 SIM карта,4400 мАч,Type-C,"7.6""",2208 x 1768Пикс,10 / 4,512 Гб,12 Гб RAM,Galaxy Z Fold 3
Смартфон Samsung Galaxy Z Fold 3 12/512GB Black (SM-F926BZKGSKZ),76000007971,999 890 ₸,от 26 491 ₸/мес,чёрный,"158,2 x 128,1 x 6,4 мм",Qualcomm Snapdragon 888,Android,8,1 SIM карта,4400 мАч,Type-C,"7.6""",2208 x 1768Пикс,10 / 4,512 Гб,12 Гб RAM,Galaxy Z Fold 3
Смартфон Samsung Galaxy Z Fold 3 12/256GB Silver (SM-F926BZSDSKZ),76000007970,899 890 ₸,от 23 842 ₸/мес,серебристый,"158,2 x 128,1 x 6,4 мм",Octa-core,Android 11,8,1 SIM карта,4400 мАч,Type-C,"7.6""",2208 x 1768Пикс,10,256 Гб,12 Гб RAM,Galaxy Z Fold 3
Смартфон Samsung Galaxy Z Fold 3 12/256GB Green (SM-F926BZGDSKZ),76000007969,899 890 ₸,от 23 842 ₸/мес,зелёный,"158,2 x 128,1 x 6,4 мм",Octa-core,Android 11,8,1 SIM карта,4400 мАч,Type-C,"7.6""",2208 x 1768Пикс,10,256 Гб,12 Гб RAM,Galaxy Z Fold 3
Смартфон Samsung Galaxy Z Flip 3 8/256GB Violet (SM-F711BLVESKZ),76000007967,579 890 ₸,от 15 364 ₸/мес,фиолетовый,"166 х 72,2 х 6,9 мм",Qualcomm Snapdragon 888,Android,8,1 SIM карта,3300 мАч,Type-C,"6.7""",1080 x 2640,10,256 Гб,8 Гб RAM,Galaxy Z Flip 3
Смартфон Samsung Galaxy Z Flip 3 8/256GB Green (SM-F711BZGESKZ),76000007966,579 890 ₸,от 15 364 ₸/мес,зелёный,"166 х 72,2 х 6,9 мм",Qualcomm Snapdragon 888,Android,8,1 SIM карта,3300 мАч,Type-C,"6.7""",1080 x 2640,10,256 Гб,8 Гб RAM,Galaxy Z Flip 3
Смартфон Samsung Galaxy Z Flip 3 8/256GB Beige (SM-F711BZEESKZ),76000007965,579 890 ₸,от 15 364 ₸/мес,бежевый,"166 х 72,2 х 6,9 мм",Qualcomm Snapdragon 888,Android,8,1 SIM карта,3300 мАч,Type-C,"6.7""",1080 x 2640,10,256 Гб,8 Гб RAM,Galaxy Z Flip 3
Смартфон Samsung Galaxy Z Flip 3 8/256GB Black (SM-F711BZKESKZ),76000007964,579 890 ₸,от 15 364 ₸/мес,чёрный,"166 х 72,2 х 6,9 мм",Qualcomm Snapdragon 888,Android,8,1 SIM карта,3300 мАч,Type-C,"6.7""",1080 x 2640,10,256 Гб,8 Гб RAM,Galaxy Z Flip 3
Смартфон Samsung Galaxy Z Flip 3 8/128GB Violet (SM-F711BLVASKZ),76000007963,549 890 ₸,от 14 569 ₸/мес,фиолетовый,"166 х 72,2 х 6,9 мм",Octa-core,Android 11,8,1 SIM карта,3300 мАч,Type-C,"6.7""",1080 x 2640,10,128 Гб,8 Гб RAM,Galaxy Z Flip 3
Смартфон Samsung Galaxy Z Flip 3 8/128GB Green (SM-F711BZGASKZ),76000007962,549 890 ₸,от 14 569 ₸/мес,зелёный,"166 х 72,2 х 6,9 мм",Octa-core,Android 11,8,1 SIM карта,3300 мАч,Type-C,"6.7""",1080 x 2640,10,128 Гб,8 Гб RAM,Galaxy Z Flip 3
Смартфон Samsung Galaxy Z Flip 3 8/128GB Beige (SM-F711BZEASKZ),76000007961,549 890 ₸,от 14 569 ₸/мес,бежевый,"166 х 72,2 х 6,9 мм",Octa-core,Android 11,8,1 SIM карта,3300 мАч,Type-C,"6.7""",1080 x 2640,10,128 Гб,8 Гб RAM,Galaxy Z Flip 3
Смартфон Samsung Galaxy Z Flip 3 8/128GB Black (SM-F711BZKASKZ),76000007960,549 890 ₸,от 14 569 ₸/мес,чёрный,"166 х 72,2 х 6,9 мм",Octa-core,Android 11,8,1 SIM карта,3300 мАч,Type-C,"6.7""",1080 x 2640,10,128 Гб,8 Гб RAM,Galaxy Z Flip 3
Смартфон Samsung Galaxy A51 128GB Blue (SM-A515F),RS400018471,149 890 ₸,от 3 971 ₸/мес,голубой,158.5 x 73.6 x 7.9 мм,"Octa-core (4x2,3 ГГц Cortex-A73 и 4x1,7 ГГц Cortex-A53)",Android 10.0,8,2 SIM карты,4000 мАч,да / USB 2.0 / Type C 1.0 / USB On-The-Go,"6.5""",2400 x 1080,32,128 Гб,6 Гб RAM,Galaxy A51
Смартфон Xiaomi Redmi Note 9 4/128GB белый,76000000890,99 990 ₸,от 2 649 ₸/мес,белый,"162,3 х 77,2 х 8,9 мм",MediaTek Helio G85 (12 нм),Android 10 (MIUI 11),8,,5020 мАч,да / USB 2.0 / Type C 1.0,"6.53""",2340×1080,да / 13 / f/2.3 / HDR,128 Гб,4 Гб RAM,Xiaomi Redmi Note 9
Смартфон iPhone 11 128GB Slim Box Purple,RS400017414,334 890 ₸,от 8 873 ₸/мес,фиолетовый,150.9 x 75.7 x 8.3 мм,2 x 2.65 ГГц Lightning + 4 x 1.8 ГГц Thunder,iOS 13,,1 SIM карта,3046 мАч,,,1792 x 828 Пикс,,128 Гб,,iPhone 11
Смартфон iPhone 12 Pro Max 512GB Slim Box Graphite,76000002978,829 890 ₸,от 21 987 ₸/мес,серый,160.8 x 78.1 x 7.4 мм,A14 Bionic,iOS,,1 SIM карта,,Lightning,"6.7""",2778 х 1284 Пикс,12,512 Гб,,iPhone 12 Pro Max
Смартфон Samsung Galaxy A51 64GB Blue (SM-A515F),RS400018468,129 890 ₸,от 3 441 ₸/мес,голубой,158.5 x 73.6 x 7.9 мм,Exynos 9611 (10nm),Android 9.0,8,,4000 мАч,да / USB 2.0 / Type C 1.0 / USB On-The-Go,"6.5""",2400 x 1080,32 / f/2.2 / HDR,64 Гб,4 Гб RAM,Galaxy A51
Смартфон Samsung Galaxy A51 64GB White (SM-A515F),RS400018470,129 890 ₸,от 3 441 ₸/мес,белый,158.5 x 73.6 x 7.9 мм,Exynos 9611 (10nm),Android 9.0,8,,4000 мАч,да / USB 2.0 / Type C 1.0 / USB On-The-Go,"6.5""",2400 x 1080,32 / f/2.2 / HDR,64 Гб,4 Гб RAM,Galaxy A51
Смартфон Samsung Galaxy A51 64GB Black (SM-A515F),RS400018469,129 890 ₸,от 3 441 ₸/мес,чёрный,158.5 x 73.6 x 7.9 мм,Exynos 9611 (10nm),Android 9.0,8,,4000 мАч,да / USB 2.0 / Type C 1.0 / USB On-The-Go,"6.5""",2400 x 1080,32 / f/2.2 / HDR,64 Гб,4 Гб RAM,Galaxy A51
Смартфон Huawei Y9 2019 Prime Emerald green,RS400018400,119 890 ₸,от 3 176 ₸/мес,зелёный,"163,5 х 77,3 х 8,8 мм",Hisilicon Kirin 710F (12 нм),Android,8,2 SIM карты,4000 мАч,USB 2.0 / Type C 1.0 / reversible connector,"6.59""",2340×1080,,128 Гб,4 Гб RAM,Huawei Y9
Смартфон ViVO V17 Nebula Blue,RS400018379,139 990 ₸,от 3 709 ₸/мес,голубой,"159,25×75,19×8,68 мм",Qualcomm Snapdragon 665,Android 9.0,8,2 SIM карты,4500 мАч,USB 2.0 / Type C 1.0 / USB On-The-Go,"6.38""",2340×1080,32,128 Гб,8 Гб RAM,ViVO V17
Смартфон ViVO V17 Knight Black,RS400018378,139 990 ₸,от 3 709 ₸/мес,чёрный,"159,25×75,19×8,68 мм",Qualcomm Snapdragon 665,Android 9.0,8,2 SIM карты,4500 мАч,USB 2.0 / Type C 1.0 / USB On-The-Go,"6.38""",2340×1080,32,128 Гб,8 Гб RAM,ViVO V17
Смартфон Xiaomi Redmi 9C 3/64GB Twilight Blue,76000007803,64 990 ₸,от 1 722 ₸/мес,синий,"164,85 x 77.07 x 9.0 мм",MediaTek Helio G35 (12 нм),Android 10.0,8,2 SIM карты,5000 мАч,microUSB,"6.53""",1600 x 720 Пикс,5,64 Гб,3 Гб RAM,Xiaomi Redmi 9C
Смартфон Xiaomi Mi 11 Lite 6/128GB Peach Pink,76000007802,149 990 ₸,от 3 974 ₸/мес,розовый,160.53 x 75.72 x 6.81 мм,Qualcomm Snapdragon 732G,Android 11,8,2 SIM карты,4250 мАч,Type C 1.0,"6.55""",2400 x 1080,16,128 Гб,6 Гб RAM,Mi 11 Lite
Смартфон Samsung Galaxy A72 256GB White (SM-A725F),76000005257,209 890 ₸,от 5 561 ₸/мес,белый,"165 x 77,4 x 8,4 мм",Qualcomm SM7125 Snapdragon 720G (8 нм),Android 11,8,2 SIM карты,5000 мАч,Type C 2.0,"6.7""",2400 x 1080,,256 Гб,8 Гб RAM,Galaxy A72
Смартфон Samsung Galaxy A72 256GB Black (SM-A725F),76000005255,209 890 ₸,от 5 561 ₸/мес,чёрный,"165 x 77,4 x 8,4 мм",Qualcomm SM7125 Snapdragon 720G (8 нм),Android 11,8,2 SIM карты,5000 мАч,Type C 2.0,"6.7""",2400 x 1080,,256 Гб,8 Гб RAM,Galaxy A72
Смартфон Samsung Galaxy A72 128GB Black (SM-A725F),76000005254,189 890 ₸,от 5 031 ₸/мес,чёрный,"165 x 77,4 x 8,4 мм",Qualcomm SM7125 Snapdragon 720G (8 нм),Android 11,8,2 SIM карты,5000 мАч,Type C 2.0,"6.7""",2400 x 1080,,128 Гб,6 Гб RAM,Galaxy A72
Смартфон Samsung Galaxy A72 256GB Blue (SM-A725F),76000005253,209 890 ₸,от 5 561 ₸/мес,голубой,"165 x 77,4 x 8,4 мм",Qualcomm SM7125 Snapdragon 720G (8 нм),Android 11,8,2 SIM карты,5000 мАч,Type C 2.0,"6.7""",2400 x 1080,,256 Гб,8 Гб RAM,Galaxy A72
Смартфон Samsung Galaxy A72 256GB Lavender (SM-A725F),76000005251,209 890 ₸,от 5 561 ₸/мес,фиолетовый,"165 x 77,4 x 8,4 мм",Qualcomm SM7125 Snapdragon 720G (8 нм),Android 11,8,2 SIM карты,5000 мАч,Type C 2.0,"6.7""",2400 x 1080,,256 Гб,8 Гб RAM,Galaxy A72
Смартфон Samsung Galaxy A52 256GB Blue (SM-A525),76000005248,179 890 ₸,от 4 766 ₸/мес,голубой,75.1 х 159.9 х 8.4 мм,Snapdragon 720G,Android 11,8,2 SIM карты,4500 мАч,Type-C 2.0 / USB On-The-Go,"6.5""",2400 x 1080,32,256 Гб,8 Гб RAM,Galaxy A52
Смартфон Samsung Galaxy A52 128GB Blue (SM-A525),76000005247,159 890 ₸,от 4 236 ₸/мес,голубой,75.1 х 159.9 х 8.4 мм,Snapdragon 720G,Android 11,8,,4500 мАч,Type C 2.0,"6.5""",2400 x 1080,32,128 Гб,4 Гб RAM,Galaxy A52
Смартфон Samsung Galaxy A72 128GB Lavender (SM-A725F),76000005246,189 890 ₸,от 5 031 ₸/мес,фиолетовый,"165 x 77,4 x 8,4 мм",Qualcomm SM7125 Snapdragon 720G (8 нм),Android 11,8,2 SIM карты,5000 мАч,Type C 2.0,"6.7""",2400 x 1080,,128 Гб,6 Гб RAM,Galaxy A72
Смартфон OPPO A9 Space Purple,RS400017723,119 990 ₸,от 3 179 ₸/мес,фиолетовый,"163,6 х 75,6 х 9,1 мм",Qualcomm SDM665 Snapdragon 665 (11 нм),Android 9.0 (Pie),,,5000 мАч,да / microUSB 2.0 / USB On-The-Go,"6.5""",1600 x 720 Пикс,16 / f/2.0 / HDR,128 Гб,,OPPO A91
Смартфон Samsung Galaxy A52 128GB White (SM-A525),76000005243,159 890 ₸,от 4 236 ₸/мес,белый,75.1 х 159.9 х 8.4 мм,Snapdragon 720G,Android 11,8,,4500 мАч,Type C 2.0,"6.5""",2400 x 1080,32,128 Гб,4 Гб RAM,Galaxy A52
Смартфон Samsung Galaxy A52 128GB Lavender (SM-A525),76000005242,159 890 ₸,от 4 236 ₸/мес,фиолетовый,75.1 х 159.9 х 8.4 мм,Snapdragon 720G,Android 11,8,,4500 мАч,Type C 2.0,"6.5""",2400 x 1080,32,128 Гб,4 Гб RAM,Galaxy A52
Смартфон Xiaomi Redmi 9T 128GB Ocean Green,76000004638,89 990 ₸,от 2 384 ₸/мес,зелёный,"162,3 x 77,3 x 9,6 мм",Qualcomm SM6115 Snapdragon 662 (11 нм),Android 10 (MIUI 12),8,2 SIM карты,6000 мАч,Type C 2.0,"6.53""",2340×1080,8 / f/2.1,128 Гб,4 Гб RAM,Xiaomi Redmi 9T
Смартфон Xiaomi Redmi 9A 32GB Granite Gray,76000003573,54 990 ₸,от 1 457 ₸/мес,серый,"164,85 x 77.07 x 9.0 мм",MediaTek Helio G25 (12 нм),Android 10.0,8,2 SIM карты,5000 мАч,Type-C,"6.53""",1600 x 720 Пикс,5,32 Гб,2 Гб RAM,Xiaomi Redmi 9A
Смартфон Samsung Galaxy A02 Blue (SM-A022),76000004593,54 990 ₸,от 1 457 ₸/мес,синий,"164 x 75,9 x 9,1 мм",Mediatek MT6739W,Android 10.0,4,,5000 мАч,microUSB 2.0,,1600 x 720 Пикс,,32 Гб,2 Гб RAM,Galaxy A02
Смартфон Samsung Galaxy A32 128GB Lavand (SM-A325F),76000005053,129 890 ₸,от 3 441 ₸/мес,фиолетовый,"159,3 x 73,1 x 8,6 мм",Mediatek Helio G80,Android 11,8,2 SIM карты,5000 мАч,,"6.4""",2400 x 1080,20,128 Гб,4 Гб RAM,Galaxy A32
Смартфон Samsung Galaxy S21+ 128GB Slim Box Violet (SM-G996),76000004397,369 890 ₸,от 9 800 ₸/мес,фиолетовый,"161,4 x 75,6 x 7,8 мм",Exynos 2100,Android 11,,,4800 мАч,да / Type-C 3.2,"6.7""",2400 x 1080,10,128 Гб,8 Гб RAM,
Смартфон Samsung Galaxy S21+ 128GB Slim Box Silver (SM-G996),76000004396,369 890 ₸,от 9 800 ₸/мес,серебристый,"161,4 x 75,6 x 7,8 мм",Exynos 2100,Android 11,,,4800 мАч,да / Type-C 3.2,"6.7""",2400 x 1080,10,128 Гб,8 Гб RAM,Galaxy S21+
Смартфон Xiaomi Redmi Note 10 4/128GB Onyx Gray,76000004957,109 990 ₸,от 2 914 ₸/мес,серый,160.46 x 74.5 x 8.29 мм,Qualcomm Snapdragon 678,Android 11,8,2 SIM карты,5000 мАч,Type-C,"6.4""",2400 x 1080,13,128 Гб,4 Гб RAM,Xiaomi Redmi Note 10
Смартфон Xiaomi Redmi Note 9 4/128GB Midnight Grey,76000001286,99 990 ₸,от 2 649 ₸/мес,серый,"162,3 х 77,2 х 8,9 мм",MediaTek Helio G85 (12 нм),Android 10 (MIUI 11),8,,5020 мАч,да / USB 2.0 / Type C 1.0,"6.53""",2340×1080,да / 13 / f/2.3 / HDR,128 Гб,4 Гб RAM,Xiaomi Redmi Note 9
Смартфон Xiaomi Redmi Note 10 4/128GB Lake Green,76000004958,109 990 ₸,от 2 914 ₸/мес,зелёный,160.46 x 74.5 x 8.29 мм,Qualcomm Snapdragon 678,Android 11,8,2 SIM карты,5000 мАч,Type-C,"6.4""",2400 x 1080,13,128 Гб,4 Гб RAM,Xiaomi Redmi Note 10
Смартфон Xiaomi Redmi 9T 64GB Twilight Blue,76000004633,79 990 ₸,от 2 119 ₸/мес,голубой,"162,3 x 77,3 x 9,6 мм",Qualcomm SM6115 Snapdragon 662 (11 нм),Android 10 (MIUI 12),8,2 SIM карты,6000 мАч,Type C 2.0,"6.53""",2340×1080,8 / f/2.1,64 Гб,4 Гб RAM,Xiaomi Redmi 9T
Смартфон Xiaomi Redmi Note 10 4/64GB Lake Green,76000004955,99 990 ₸,от 2 649 ₸/мес,зелёный,160.46 x 74.5 x 8.29 мм,Qualcomm Snapdragon 678,Android 11,8,2 SIM карты,5000 мАч,Type-C,"6.4""",,13,64 Гб,4 Гб RAM,Xiaomi Redmi Note 10
Смартфон Xiaomi Poco M3 64GB Cool Blue,76000004641,69 990 ₸,от 1 854 ₸/мес,синий,"162,3 x 77,3 x 9,6 мм",Qualcomm SM6115 Snapdragon 662,Android 10 (MIUI 12),8,,6000 мАч,Type C 2.0,"6.53""",2340×1080,8 / f/2.1,64 Гб,4 Гб RAM,Xiaomi Poco M3
Смартфон Xiaomi Poco M3 64GB Yellow,76000004642,69 990 ₸,от 1 854 ₸/мес,жёлтый,"162,3 x 77,3 x 9,6 мм",Qualcomm SM6115 Snapdragon 662,Android 10 (MIUI 12),8,,6000 мАч,Type C 2.0,"6.53""",2340×1080,8 / f/2.1,64 Гб,4 Гб RAM,Xiaomi Poco M3
Смартфон Xiaomi Redmi Note 10 5G 4/64GB Aurora Green,76000007516,99 990 ₸,от 2 649 ₸/мес,зелёный,"16,18 х 7,53 х 0,89",MediaTek Dimensity 700,Android 11,8,2 SIM карты,5000 мАч,Type-C,"6.4""",,13,64 Гб,4 Гб RAM,Xiaomi Redmi Note 10
Смартфон Xiaomi Redmi 9T 128GB Sunrise Orange,76000004639,89 990 ₸,от 2 384 ₸/мес,оранжевый,"162,3 x 77,3 x 9,6 мм",Qualcomm SM6115 Snapdragon 662 (11 нм),Android 10 (MIUI 12),8,2 SIM карты,6000 мАч,Type C 2.0,"6.53""",2340×1080,8 / f/2.1,128 Гб,4 Гб RAM,Xiaomi Redmi 9T
Смартфон Xiaomi Redmi Note 10 4/64GB Pebble White,76000004954,99 990 ₸,от 2 649 ₸/мес,белый,160.46 x 74.5 x 8.29 мм,Qualcomm Snapdragon 678,Android 11,8,2 SIM карты,5000 мАч,Type-C,"6.4""",,13,64 Гб,4 Гб RAM,Xiaomi Redmi Note 10
Смартфон ViVO Y12 Aqua Blue,RS400017554,49 990 ₸,от 1 324 ₸/мес,синий,159.4 x 76.8 x 8.9 мм,"4 x Cortex-A53 2000 МГц, 4 x Cortex-A53 1500 МГц",Android 9.0 (Pie),8,2 SIM карты,5000 мАч,microUSB 2.0 / USB On-The-Go,"6.3""",1544 x 720 Пикс,8 / f/1.8,64 Гб,3 Гб RAM,ViVO Y12
Смартфон OPPO A15 32GB Mystery Blue,76000004842,59 900 ₸,от 1 587 ₸/мес,голубой,164 x 75.4 x 7.9 мм,MediaTek Helio P35,Android 10.0,8,2 SIM карты,4230 мАч,microUSB,"6.5""",1600 x 720 Пикс,5,32 Гб,2 Гб RAM,OPPO A15
Смартфон OPPO A15 32GB Dynamic Black,76000004841,59 900 ₸,от 1 587 ₸/мес,чёрный,164 x 75.4 x 7.9 мм,MediaTek Helio P35,Android 10.0,8,2 SIM карты,4230 мАч,microUSB,"6.5""",1600 x 720 Пикс,5,32 Гб,2 Гб RAM,OPPO A15
Смартфон Realme C11 32GB Grey,76000003189,52 890 ₸,от 1 401 ₸/мес,серый,"164,4 x 75,9 x 9,1 мм",MediaTek Helio G35 (12 нм),"Android 10, Realme UI 1.0",8,2 SIM карты,5000 мАч,да / USB 2.0,"6.53""",1560 x 720,да / 5 / f/2.4 / HDR,32 Гб,2 Гб RAM,Realme C11
Realme C11 (2+32)GB 2021 Blue,76000007532,49 990 ₸,от 1 324 ₸/мес,голубой,165.2 x 76.4 x 8.9 мм,Spreadtrum,Android 10.0,8,2 SIM карты,5000 мАч,microUSB,"6.53""",1600 x 720 Пикс,5,32 Гб,2 Гб RAM,Realme C11
Смартфон Xiaomi Redmi Note 9 3/64GB Чёрный,76000007449,69 900 ₸,от 1 852 ₸/мес,чёрный,"162,3 х 77,2 х 8,9 мм",MediaTek Helio G85 (12 нм),Android 10 (MIUI 11),8,2 SIM карты,5020 мАч,да / USB 2.0 / Type C 1.0,"6.53""",2340×1080,13,64 Гб,3 Гб RAM,Xiaomi Redmi Note 9
Смартфон Xiaomi Redmi 9C 3/64GB,76000007447,64 990 ₸,от 1 722 ₸/мес,чёрный,"164,85 x 77.07 x 9.0 мм",MediaTek Helio G35 (12 нм),Android 10.0,8,2 SIM карты,5000 мАч,microUSB,"6.53""",1600 x 720 Пикс,5,64 Гб,3 Гб RAM,Xiaomi Redmi 9C
Смартфон Xiaomi Redmi 9A 32GB Sky Blue,76000007446,54 990 ₸,от 1 457 ₸/мес,голубой,"164,85 x 77.07 x 9.0 мм",MediaTek Helio G25 (12 нм),Android 10.0,8,2 SIM карты,5000 мАч,Type-C,"6.53""",1600 x 720 Пикс,5,32 Гб,2 Гб RAM,Xiaomi Redmi 9A
Смартфон Xiaomi Redmi Note 10s 6/128GB Onyx Gray,76000007417,119 990 ₸,от 3 179 ₸/мес,серый,"160,5 x 74,5 x 8,3 мм",Mediatek Helio G95,Android 11,8,2 SIM карты,5000 мАч,Type C 2.0,"6.43""",2400 x 1080,13,128 Гб,6 Гб RAM,Xiaomi Redmi Note 10s
Смартфон Xiaomi Redmi Note 10s 6/128GB Ocean Blue,76000007416,119 990 ₸,от 3 179 ₸/мес,голубой,"160,5 x 74,5 x 8,3 мм",Mediatek Helio G95,Android 11,8,2 SIM карты,5000 мАч,Type C 2.0,"6.43""",2400 x 1080,13,128 Гб,6 Гб RAM,Xiaomi Redmi Note 10s
Смартфон Vivo V21E Diamond Flare,76000007412,149 990 ₸,от 3 974 ₸/мес,фиолетовый,"161,20 × 74,40 × 7,4 мм",Snapdragon 720G,Android 11,8,2 SIM карты,4000 мАч,Type-C,"6.44""",2400 x 1080,44,128 Гб,8 Гб RAM,Vivo V21E
Смартфон Samsung Galaxy A51 128GB White (SM-A515F),RS400018473,149 890 ₸,от 3 971 ₸/мес,белый,158.5 x 73.6 x 7.9 мм,"Octa-core (4x2,3 ГГц Cortex-A73 и 4x1,7 ГГц Cortex-A53)",Android 10.0,8,2 SIM карты,4000 мАч,да / USB 2.0 / Type C 1.0 / USB On-The-Go,"6.5""",2400 x 1080,32,128 Гб,6 Гб RAM,Galaxy A51
"Смартфон Huawei Mate 20, 128GB, Black",RS400015155,149 990 ₸,от 3 974 ₸/мес,чёрный,158.2х77.2х8.3 мм,,Android 9.0 (Pie),,,,USB 3.1 / Type C 1.0 / USB On-The-Go,"6.53""",1080 x 2244 Пикс,24 / f/2.0 / HDR,128 Гб,,Huawei Mate 20
Смартфон Samsung Galaxy S10+ Black (SM-G975F),RS400015512,149 890 ₸,от 3 971 ₸/мес,чёрный,157.6 x 74.1 x 7.8 мм,2x2.73 ГГц Mongoose M4 & 2x2.31 ГГц Cortex-A75 & 4x1.95 ГГц Cortex-A55,Android 9.0 (Pie),,,4100 мАч,USB 3.1 / Type C 1.0 / reversible connector,"6.4""",3040 x 1440 Пикс,двойная / 8 / 10 / f/1.9 / f/2.2,128 Гб,,Galaxy S10+
Смартфон Samsung Galaxy S10e 128GB Black,RS400015504,299 890 ₸,от 7 945 ₸/мес,чёрный,142.2 x 69.9 x 7.9 мм,2x2.73 ГГц Mongoose M4 & 2x2.31 ГГц Cortex-A75 & 4x1.95 ГГц Cortex-A55,Android 9.0 (Pie),,,3100 мАч,USB 3.1 / Type C 1.0 / reversible connector,"5.8""",2280 x 1080 Пикс,10 / f/1.9,128 Гб,,Galaxy S10e
"Смартфон Xiaomi Redmi 6A, 16GB, Золотой",RS400015184,37 900 ₸,от 1 004 ₸/мес,золотистый,147.5 x 71.5 x 8.3 мм,,Android 8.1 (Oreo),,,3000 мАч,microUSB 2.0,"5.45""",1440 x 720 Пикс,5 / f/2.2,16 Гб,,Xiaomi Redmi 6A
"Смартфон Huawei Y6 2019, 32GB, Amber Brown",RS400015810,49 990 ₸,от 1 324 ₸/мес,коричневый,156.3x73.5x8 мм,,Android 9.0,,,,microUSB 2.0,,1560 x 720,,,,Huawei Y6 (2019)
"Смартфон Huawei Y6 2019, 32GB, Sapphire Blue",RS400015809,49 990 ₸,от 1 324 ₸/мес,голубой,156.3x73.5x8 мм,,Android 9.0,,,,microUSB 2.0,,1560 x 720,,32 Гб,,Huawei Y6 (2019)
"Смартфон Huawei Y7 2019, 32GB, Aurora Blue",RS400015807,69 930 ₸,от 1 853 ₸/мес,голубой,158.92х76.91х8.10 мм,,Android 8.1 (Oreo),,,,USB 2.0,"6.26""",1520 х 720 Пикс,8,32 Гб,,Huawei Y7 (2019)
"Смартфон Samsung Galaxy A50, 128GB, black",RS400016234,79 990 ₸,от 2 119 ₸/мес,чёрный,158.5 x 74.7 x 7.7 мм,4x2.3 ГГц Cortex-A73 & 4x1.7 ГГц Cortex-A53,Android 9.0 (Pie),,,4000 мАч,USB 2.0 / Type C 1.0 / reversible connector,,2340×1080,,128 Гб,,Galaxy A50
"Смартфон Huawei P30 Pro, 256gb Aurora",RS400016085,290 890 ₸,от 7 707 ₸/мес,голубой,158 x 73.4 x 8.4 мм,,Android 9.0 (Pie),,,4200 мАч,USB 3.1 / Type C 1.0 / reversible connector,"6.47""",2340×1080,32 / f/2.0,256 Гб,,Huawei P30 Pro
Смартфон Huawei P30 lite 128GB Peacock Blue,RS400016083,109 990 ₸,от 2 914 ₸/мес,синий,152.9 x 72.7 x 7.4 мм,,Android 9.0 (Pie); EMUI 9,,,,USB 2.0 / Type C 1.0,"6.15""",2312×1080 Пикс,32,128 Гб,,Huawei P30 lite
"Смартфон Huawei P30 Pro, 256gb Breathing Crystal",RS400016084,290 890 ₸,от 7 707 ₸/мес,голубой,158 x 73.4 x 8.4 мм,,Android 9.0,,,4200 мАч,USB 3.1 / Type C 1.0,"6.47""",2340×1080,32,256 Гб,,Huawei P30 Pro
"Смартфон Huawei P30, 128Gb, Breathing Crystal",RS400015944,207 890 ₸,от 5 508 ₸/мес,голубой,149.1 x 71.4 x 7.6 мм,2x2.6 ГГц Cortex-A76 & 2x1.92 ГГц Cortex-A76 & 4x1.8 ГГц Cortex-A55,Android 9.0 (Pie),,,3650 мАч,USB 3.1,"6.1""",2340×1080,32 / f/2.0,128 Гб,,Huawei P30
"Смартфоны Huawei, Y5 lite Modern Black, 16G",RS400016516,39 930 ₸,от 1 058 ₸/мес,чёрный,147.1 x 70.8 x 8.45 мм,,Android 9.0,,,3020 мАч,microUSB,5.71',1520 х 720 Пикс,5 / f/2.2,16 Гб,,Huawei Y5 Lite (2019)
"Смартфоны Huawei, P Smart Z Sapphire Blue, 64GВ",RS400016496,99 990 ₸,от 2 649 ₸/мес,синий,163.5 х 77.3 х 8.8 мм,4 x 2.2 ГГц Cortex-A73 и 4 x 1.7 ГГц Cortex-A53,Android 9.0 (Pie); EMUI 9,,,,USB 2.0 / Type C 1.0,"6.59""",2340×1080,16 / f/2.0,64 Гб,,Huawei P Smart (2019)
Смартфон ViVO Y91C Fusion black,RS400016477,34 990 ₸,от 927 ₸/мес,чёрный,155.11 x 75.09 x 8.28 мм,,Android 8.1 (Funtouch 4.5),,,,USB 2.0,"6.2""",1520 х 720 Пикс,5 / f/1.8,32 Гб,,ViVO Y91C
Смартфон ViVO Y17 Mystic Purple,RS400016738,79 900 ₸,от 2 117 ₸/мес,фиолетовый,159.4 x 76.8 x 8.9 мм,,Android 9.0,,,,USB 2.0,"6.3""",1544 x 720 Пикс,20 / f/2.0,64 Гб,,ViVO Y17
"Смартфон Huawei Y6 2019 32GB, Modern Black",RS400017242,49 990 ₸,от 1 324 ₸/мес,чёрный,156.3 x 73.5 x 8 мм,,Android 9.0,,,3020 мАч,microUSB 2.0,"6.09""",1560 x 720,8 / f/2.0,32 Гб,,Huawei Y6 (2019)
Смартфон iPhone 11 Pro 256GB Gold,RS400017428,629 890 ₸,от 16 688 ₸/мес,золотистый,144 x 71.4 x 8.1 мм,2 x 2.65 ГГц Lightning + 4 x 1.8 ГГц Thunder,iOS 13,,,,,"5.8""",2436 x 1125 Пикс,12 / f/2.2,256 Гб,,iPhone 11 Pro
Смартфон iPhone 11 Pro Max 256GB Gold,RS400017441,689 890 ₸,от 18 278 ₸/мес,золотистый,158 x 77.8 x 8.1 мм,2 x 2.65 ГГц Lightning + 4 x 1.8 ГГц Thunder,iOS 13,,,3969 мАч,,,2688 х 1242 Пикс,,256 Гб,,iPhone 11 Pro Max
Смартфон iPhone 11 Pro Max 256GB Silver,RS400017440,689 890 ₸,от 18 278 ₸/мес,серебристый,158 x 77.8 x 8.1 мм,2 x 2.65 ГГц Lightning + 4 x 1.8 ГГц Thunder,iOS 13,,,,,"6.5""",2688 х 1242 Пикс,12 / TOF 3D camera,256 Гб,,iPhone 11 Pro Max
Смартфон iPhone 11 Pro Max 64GB Space Grey,RS400017434,589 890 ₸,от 15 628 ₸/мес,серый,158 x 77.8 x 8.1 мм,2 x 2.65 ГГц Lightning + 4 x 1.8 ГГц Thunder,iOS 13,,,,,"6.5""",2688 х 1242 Пикс,12 / TOF 3D camera,64 Гб,,iPhone 11 Pro Max
Смартфон iPhone 11 Pro 256GB Midnight Green,RS400017429,629 890 ₸,от 16 688 ₸/мес,зелёный,144 x 71.4 x 8.1 мм,2 x 2.65 ГГц Lightning + 4 x 1.8 ГГц Thunder,iOS 13,,,3190 мАч,,,2436 x 1125 Пикс,,256 Гб,,iPhone 11 Pro
Смартфон iPhone 11 Pro 256GB Silver,RS400017427,629 890 ₸,от 16 688 ₸/мес,серебристый,144 x 71.4 x 8.1 мм,2 x 2.65 ГГц Lightning + 4 x 1.8 ГГц Thunder,iOS 13,,,3190 мАч,,"5.8""",2436 x 1125 Пикс,12 / f/2.2 / TOF 3D camera,256 Гб,,iPhone 11 Pro
Смартфон iPhone 11 Pro 64GB Gold,RS400017424,539 890 ₸,от 14 304 ₸/мес,золотистый,144x71.4x8.1 мм,2 x 2.65 ГГц Lightning + 4 x 1.8 ГГц Thunder,iOS 13,,,3190 мАч,,,2436 x 1125 Пикс,,64 Гб,,iPhone 11 Pro
Смартфон iPhone 11 256GB Slim Box Purple,RS400017420,454 890 ₸,от 12 052 ₸/мес,фиолетовый,150.9 x 75.7 x 8.3 мм,2 x 2.65 ГГц Lightning + 4 x 1.8 ГГц Thunder,iOS 13,,,3046 мАч,,"6.1""",1792 x 828 Пикс,12 / TOF 3D camera,256 Гб,,iPhone 11
Смартфон iPhone 11 128GB Slim Box White,RS400017411,334 890 ₸,от 8 873 ₸/мес,белый,150.9 x 75.7 x 8.3 мм,2 x 2.65 ГГц Lightning + 4 x 1.8 ГГц Thunder,iOS 13,,1 SIM карта,3046 мАч,,,1792 x 828 Пикс,,128 Гб,,iPhone 11
Смартфон iPhone 11 128GB Slim Box (PRODUCT)RED,RS400017412,334 890 ₸,от 8 873 ₸/мес,красный,150.9 x 75.7 x 8.3 мм,2 x 2.65 ГГц Lightning + 4 x 1.8 ГГц Thunder,iOS 13,,,3046 мАч,,,1792 x 828 Пикс,,128 Гб,,iPhone 11
Смартфон iPhone 11 64GB Slim Box Green,RS400017409,314 890 ₸,от 8 343 ₸/мес,зелёный,150.9 x 75.7 x 8.3 мм,2 x 2.65 ГГц Lightning + 4 x 1.8 ГГц Thunder,iOS 13,,,3046 мАч,,"6.1""",1792 x 828 Пикс,12 / TOF 3D camera,64 Гб,,iPhone 11
Смартфон iPhone 11 64GB Slim Box Purple,RS400017408,314 890 ₸,от 8 343 ₸/мес,фиолетовый,150.9 x 75.7 x 8.3 мм,2 x 2.65 ГГц Lightning + 4 x 1.8 ГГц Thunder,iOS 13,,,3046 мАч,,,1792 x 828 Пикс,,64 Гб,,iPhone 11
Смартфон iPhone 11 64GB Slim Box White,RS400017405,299 890 ₸,от 7 945 ₸/мес,белый,150.9 x 75.7 x 8.3 мм,2 x 2.65 ГГц Lightning + 4 x 1.8 ГГц Thunder,iOS 13,,,3046 мАч,,,1792 x 828 Пикс,,64 Гб,,iPhone 11
Смартфон Xiaomi Redmi Note 8 4+64GB Space Black,RS400017644,79 990 ₸,от 2 119 ₸/мес,чёрный,"158,3 х 75,3 х 8,4 мм",Qualcomm Snapdragon 665,Android 9.0 (Pie),,,4000 мАч,да / USB 2.0 / Type C 1.0 / reversible connector / USB On-The-Go,"6.3""",2340×1080,13 / f/2.0 / HDR,64 Гб,,Xiaomi Redmi note 8
Смартфон ViVO V17 neo Skyline blue,RS400017557,59 990 ₸,от 1 589 ₸/мес,голубой,"159,5х75,2х8,1 мм",,Android 9.0 (Pie),,,4500 мАч,microUSB 2.0 / USB On-The-Go,,2340×1080,,128 Гб,,ViVO V17
Смартфон ViVO V17 neo Diamond black,RS400017556,59 990 ₸,от 1 589 ₸/мес,чёрный,"159,5х75,2х8,1 мм",,Android 9.0 (Pie),,,4500 мАч,microUSB 2.0 / USB On-The-Go,"6.38""",2340×1080,32 / f/2.0,128 Гб,,ViVO V17
Смартфон ViVO Y19 Magnetic Black,RS400018279,59 990 ₸,от 1 589 ₸/мес,чёрный,"162,2 x 76,5 x 8,9 мм",Mediatek MT6768 Helio P65 (12 нм),Android 9.0 (Pie),,,5000 мАч,microUSB 2.0 / USB On-The-Go,"6.53""",2340×1080,16 / f/2.0 / HDR,128 Гб,,ViVO Y19
Смартфон Xiaomi Redmi Note 8 Pro 6+128GB Pearl White,RS400017933,119 890 ₸,от 3 176 ₸/мес,белый,"161,4 х 76,4 х 8,8 мм",Mediatek Helio G90T (12 нм),Android 9 Pie (MIUI 10),,,4500 мАч,да / USB 2.0 / Type C 1.0 / reversible connector,"6.53""",2340×1080,20 / f/2.0 / HDR,128 Гб,,Xiaomi Redmi note 8
Смартфон Samsung Galaxy A51 128GB Black (SM-A515F),RS400018472,149 890 ₸,от 3 971 ₸/мес,чёрный,158.5 x 73.6 x 7.9 мм,"Octa-core (4x2,3 ГГц Cortex-A73 и 4x1,7 ГГц Cortex-A53)",Android 10.0,8,2 SIM карты,4000 мАч,да / USB 2.0 / Type C 1.0 / USB On-The-Go,"6.5""",2400 x 1080,32,128 Гб,6 Гб RAM,Galaxy A51
Смартфон Xiaomi Redmi 8 EU 3+32 Черный,RS400017799,69 990 ₸,от 1 854 ₸/мес,чёрный,52x 702 x 520 мм,Qualcomm Snapdragon 439,Android 9.0 (Pie),8,2 SIM карты,5000 мАч,Type-C,"6.21""",1520 х 720 Пикс,8,32 Гб,3 Гб RAM,Xiaomi Redmi 8
"Смартфон Samsung Galaxy A80, 128GB, Black",RS400016938,279 930 ₸,от 7 416 ₸/мес,чёрный,165.2 x 76.5 x 9.3 мм,2.2 ГГц + 1.8 ГГц,Android 9.0,,,3700 мАч,USB 2.0 / Type C 1.0,"6.7""",2400 x 1080,тройная,128 Гб,,Galaxy A80
Смартфон iPhone 11 64GB Slim Box Yellow,RS400017407,299 890 ₸,от 7 945 ₸/мес,жёлтый,150.9 x 75.7 x 8.3 мм,2 x 2.65 ГГц Lightning + 4 x 1.8 ГГц Thunder,iOS 13,,,3046 мАч,,,1792 x 828 Пикс,,64 Гб,,iPhone 11
Смартфон OPPO Reno2 Ocean Blue,RS400017726,269 990 ₸,от 7 153 ₸/мес,синий,"160 х 74,3 х 9,5 мм",Qualcomm SDM730 Snapdragon 730G (8 нм),Android 9.0 (Pie),,,4000 мАч,Type C 1.0 / reversible connector / USB On-The-Go,,2400 x 1080,16 / f/2.0,256 Гб,,OPPO Reno Z
Смартфон Samsung Galaxy S10 White (SM-G973F),RS400015508,349 890 ₸,от 9 270 ₸/мес,белый,149.9 x 70.4 x 7.8 мм,2x2.73 ГГц Mongoose M4 & 2x2.31 ГГц Cortex-A75 & 4x1.95 ГГц Cortex-A55,Android 9.0 (Pie),,,3400 мАч,USB 3.1 / Type C 1.0 / reversible connector,"6.1""",3040 x 1440 Пикс,10 / f/1.9,128 Гб,,Galaxy S10 Lite
Смартфон iPhone 11 Pro 64GB Midnight Green,RS400017425,539 890 ₸,от 14 304 ₸/мес,зелёный,144 x 71.4 x 8.1 мм,2 x 2.65 ГГц Lightning + 4 x 1.8 ГГц Thunder,iOS 13,,,3190 мАч,,"5.8""",2436 x 1125 Пикс,12 / f/2.2 / TOF 3D camera,64 Гб,,iPhone 11 Pro
Смартфон iPhone 11 Pro 256GB Space Grey,RS400017426,629 890 ₸,от 16 688 ₸/мес,серый,144 x 71.4 x 8.1 мм,2 x 2.65 ГГц Lightning + 4 x 1.8 ГГц Thunder,iOS 13,,,3190 мАч,,,2436 x 1125 Пикс,,256 Гб,,iPhone 11 Pro
Смартфон Samsung Galaxy S21 256GB Slim Box White (SM-G991),76000004394,369 890 ₸,от 9 800 ₸/мес,белый,"151,7 x 71,2 x 7,9 мм",Exynos 2100,Android 11,,,4000 мАч,да / Type-C 3.2,,2400 x 1080,,256 Гб,,Galaxy S21
Смартфон iPhone 12 Pro 256GB Slim Box Silver,76000002962,649 890 ₸,от 17 218 ₸/мес,серебристый,"146,7 x 71,5 x 7,4 мм",Apple A14 Bionic,iOS 14,,,,USB 2.0,"6.1""",2532 х 1170 Пикс,да / двойная / 12 / HDR / gyro EIS / TOF 3D camera,256 Гб,,iPhone 12 Pro
Смартфон Samsung Galaxy S21 256GB Slim Box Violet (SM-G991),76000004393,369 890 ₸,от 9 800 ₸/мес,фиолетовый,"151,7 x 71,2 x 7,9 мм",Exynos 2100,Android 11,,,4000 мАч,да / Type-C 3.2,,2400 x 1080,,256 Гб,,Galaxy S21
Смартфон Apple iPhone XR 128GB Slim Box (PRODUCT)RED,RS400014680,344 890 ₸,от 9 137 ₸/мес,красный,150.9x75.7x8.3 мм,Hexa-core,iOS 12,,,2942 мАч,USB 2.0,,1792 x 828 Пикс,,128 Гб,,iPhone XR
Смартфон Samsung Galaxy S20 Blue (SM-G980F),76000000128,299 890 ₸,от 7 945 ₸/мес,голубой,"151,7 х 69,1 х 7,9 мм","Octa-ядро (2x2,73 ГГц Mongoose M5 и 2x2,60 ГГц Cortex-A76 и 4x2,0 ГГц Cortex-A55) - Глобальное",Android 10.0,,,4000 мАч,да / Type C 1.0 / Power Delivery 3.0,,3200 х 1440 Пикс,,128 Гб,,Galaxy S20
"Смартфон Huawei Y9s, 128GB, Breathing crystal",76000000119,104 990 ₸,от 2 782 ₸/мес,голубой,"163,1 х 77,2 х 8,8 мм",Hisilicon Kirin 710F (12 нм),Android 9.0 (Pie),,,4000 мАч,да / USB 2.0 / Type C 1.0 / reversible connector,"6.59""",2340×1080,да / 16 / f/2.2 / HDR,128 Гб,,Huawei Y9s
"Смартфон Huawei Y9s, 128GB, Midnight black",76000000118,104 990 ₸,от 2 782 ₸/мес,чёрный,"163,1 х 77,2 х 8,8 мм",Hisilicon Kirin 710F (12 нм),Android 9.0 (Pie),,,4000 мАч,да / USB 2.0 / Type C 1.0 / reversible connector,,2340×1080,,128 Гб,,Huawei Y9s
"Смартфон Huawei Y6s 64GB, Black",76000000117,69 890 ₸,от 1 852 ₸/мес,чёрный,"156,3 x 73,5 x 8 мм",Mediatek MT6765 Helio P35 (12 нм),Android 9.0 (Pie),,,3020 мАч,да / microUSB 2.0,,1560 x 720,,64 Гб,,Huawei Y6s
Смартфон Samsung Galaxy A01 Red (SM-A015F),76000000066,44 950 ₸,от 1 191 ₸/мес,красный,146.2 x 70.9 x 8.3 мм,"Octa-core (4x1,95 ГГц и 4x1,45 ГГц)",Android 10.0,,,3000 мАч,USB 2.0 / microUSB,"5.7""",1520 х 720 Пикс,5 / f/2.0,16 Гб,,Galaxy A01 Core
Смартфон Samsung Galaxy A01 Blue (SM-A015F),76000000064,39 890 ₸,от 1 057 ₸/мес,синий,146.2 x 70.9 x 8.3 мм,"Octa-core (4x1,95 ГГц и 4x1,45 ГГц)",Android 10.0,,,3000 мАч,USB 2.0 / microUSB,,1520 х 720 Пикс,,16 Гб,,Galaxy A01 Core
Смартфон Samsung Galaxy S20+ Red (SM-G985F),76000000134,319 890 ₸,от 8 475 ₸/мес,красный,161.9 x 73.7 x 7.8 мм,2x2.73 ГГц Mongoose M5 & 2x2.50 ГГц Cortex-A76 & 4x2.0 ГГц Cortex-A55,Android 10.0,,,4500 мАч,USB 3.2 / Type C 1.0 / reversible connector / USB On-The-Go,,3200 х 1440 Пикс,,128 Гб,,Galaxy S20+
Смартфон MUZE F5 LTE GOLD,76000000164,41 990 ₸,от 1 112 ₸/мес,золотистый,71.4x148.5x9.5 мм,MediaTek MT6739,Android 8.1 (Oreo),,,,да / microUSB,"5.5""",1440 x 720 Пикс,да / 5,16 Гб,,Prestigio Muze F5
Смартфон MUZE F5 LTE BLUE,76000000163,40 990 ₸,от 1 086 ₸/мес,синий,71.4x148.5x9.5 мм,MediaTek MT6739,Android 8.1 (Oreo),,,,да / microUSB,"5.5""",1440 x 720 Пикс,да / 5,16 Гб,,Prestigio Muze F5
Смартфон Huawei P30 lite 256GB Black,76000000165,99 990 ₸,от 2 649 ₸/мес,чёрный,"152,9 х 72,7 х 7,4 мм",Hisilicon Kirin 710 (12 нм),Android 9.0 (Pie),,,3340 мАч,да / USB 2.0 / Type C 1.0 / reversible connector,,2312×1080 Пикс,,256 Гб,,Huawei P30 lite Plus
"Смартфон Huawei Y6s 64GB, Blue",76000000167,69 890 ₸,от 1 852 ₸/мес,синий,"156,3 x 73,5 x 8 мм",Mediatek MT6765 Helio P35 (12 нм),Android 9.0 (Pie),,,3020 мАч,да / microUSB 2.0,,1560 x 720,,64 Гб,,Huawei Y6s
Смартфон Samsung Galaxy S10 lite White (SM-G770F),76000000152,129 890 ₸,от 3 441 ₸/мес,белый,"162,5 х 75,6 х 8,1 мм",Qualcomm SM8150 Snapdragon 855 (7 нм),Android 10.0,,,4500 мАч,да / USB 2.0 / Type C 1.0 / reversible connector,"6.7""",2400 x 1080,да / 32 / f/2.2 / HDR,128 Гб,,Galaxy S10 Lite
Смартфон Samsung Galaxy S10 lite Black (SM-G770F),76000000151,159 890 ₸,от 4 236 ₸/мес,чёрный,"162,5 х 75,6 х 8,1 мм",Qualcomm SM8150 Snapdragon 855 (7 нм),Android 10.0,,,4500 мАч,да / USB 2.0 / Type C 1.0 / reversible connector,"6.7""",2400 x 1080,да / 32 / f/2.2 / HDR,128 Гб,,Galaxy S10 Lite
Смартфон Huawei P30 lite 256GB Blue,76000000166,99 990 ₸,от 2 649 ₸/мес,голубой,"152,9 х 72,7 х 7,4 мм",Hisilicon Kirin 710 (12 нм),Android 9.0 (Pie),,,3340 мАч,да / USB 2.0 / Type C 1.0 / reversible connector,"6.15""",2312×1080 Пикс,32 / f/2.0,256 Гб,,Huawei P30 lite Plus
Смартфон MUZE F5 LTE BLACK,76000000162,40 990 ₸,от 1 086 ₸/мес,чёрный,71.4x148.5x9.5 мм,MediaTek MT6739,Android 8.1 (Oreo),,,,да / microUSB,"5.5""",1440 x 720 Пикс,да / 5,16 Гб,,Prestigio Muze F5
Смартфон Samsung Galaxy S10 lite Blue (SM-G770F),76000000150,129 890 ₸,от 3 441 ₸/мес,синий,"162,5 х 75,6 х 8,1 мм",Qualcomm SM8150 Snapdragon 855 (7 нм),Android 10.0,,,4500 мАч,да / USB 2.0 / Type C 1.0 / reversible connector,"6.7""",2400 x 1080,да / 32 / f/2.2 / HDR,128 Гб,,Galaxy S10 Lite
Смартфон Samsung Galaxy S20 Ultra Gray (SM-G988B),76000000135,379 890 ₸,от 10 065 ₸/мес,серый,"166,9 х 76 х 8,8 мм","Octa-ядро (2x2,73 ГГц Mongoose M5 и 2x2,60 ГГц Cortex-A76 и 4x2,0 ГГц Cortex-A55) - Глобальное / Octa-ядро (1x2,84 ГГц Kryo 585 и 3x2,42 ГГц Kryo 585",Android 10.0,,,5000 мАч,да / Type C 1.0 / Power Delivery 3.0,,3200 х 1440 Пикс,,128 Гб,,Galaxy S20 Ultra
Смартфон Samsung Galaxy S20 Ultra Black (SM-G988B),76000000136,379 890 ₸,от 10 065 ₸/мес,чёрный,"166,9 х 76 х 8,8 мм","Octa-ядро (2x2,73 ГГц Mongoose M5 и 2x2,60 ГГц Cortex-A76 и 4x2,0 ГГц Cortex-A55) - Глобальное / Octa-ядро (1x2,84 ГГц Kryo 585 и 3x2,42 ГГц Kryo 585",Android 10.0,,,5000 мАч,да / Type C 1.0 / Power Delivery 3.0,,3200 х 1440 Пикс,,128 Гб,,Galaxy S20 Ultra
Смартфон Samsung Galaxy S20+ Gray (SM-G985F),76000000132,319 890 ₸,от 8 475 ₸/мес,серый,"161,9 х 73,7 х 7,8 мм","Octa-ядро (2x2,73 ГГц Mongoose M5 и 2x2,60 ГГц Cortex-A76 и 4x2,0 ГГц Cortex-A55) - Глобальное / Octa-ядро (1x2,84 ГГц Kryo 585 и 3x2,42 ГГц Kryo 585",Android 10.0,,,4500 мАч,да / Type C 1.0 / Power Delivery 3.0,,3200 х 1440 Пикс,,128 Гб,,Galaxy S20+
Смартфон Samsung Galaxy S20+ Blue (SM-G985F),76000000131,319 890 ₸,от 8 475 ₸/мес,голубой,"161,9 х 73,7 х 7,8 мм","Octa-ядро (2x2,73 ГГц Mongoose M5 и 2x2,60 ГГц Cortex-A76 и 4x2,0 ГГц Cortex-A55) - Глобальное / Octa-ядро (1x2,84 ГГц Kryo 585 и 3x2,42 ГГц Kryo 585",Android 10.0,,,4500 мАч,да / Type C 1.0 / Power Delivery 3.0,,3200 х 1440 Пикс,,128 Гб,,Galaxy S20+
Смартфон Samsung Galaxy S20+ Black (SM-G985F),76000000133,319 890 ₸,от 8 475 ₸/мес,чёрный,"161,9 х 73,7 х 7,8 мм","Octa-ядро (2x2,73 ГГц Mongoose M5 и 2x2,60 ГГц Cortex-A76 и 4x2,0 ГГц Cortex-A55) - Глобальное / Octa-ядро (1x2,84 ГГц Kryo 585 и 3x2,42 ГГц Kryo 585",Android 10.0,,,4500 мАч,да / Type C 1.0 / Power Delivery 3.0,,3200 х 1440 Пикс,,128 Гб,,Galaxy S20+
Смартфон Samsung Galaxy S20 Red (SM-G980F),76000000130,299 890 ₸,от 7 945 ₸/мес,красный,"151,7 х 69,1 х 7,9 мм","Octa-ядро (2x2,73 ГГц Mongoose M5 и 2x2,60 ГГц Cortex-A76 и 4x2,0 ГГц Cortex-A55) - Глобальное",Android 10.0,,,4000 мАч,да / Type C 1.0 / Power Delivery 3.0,,3200 х 1440 Пикс,,128 Гб,,Galaxy S20
Смартфон Samsung Galaxy S20 Gray (SM-G980F),76000000129,299 890 ₸,от 7 945 ₸/мес,серый,"151,7 х 69,1 х 7,9 мм","Octa-ядро (2x2,73 ГГц Mongoose M5 и 2x2,60 ГГц Cortex-A76 и 4x2,0 ГГц Cortex-A55) - Глобальное",Android 10.0,,,4000 мАч,да / Type C 1.0 / Power Delivery 3.0,,3200 х 1440 Пикс,,128 Гб,,Galaxy S20
"Смартфон Huawei P40 Lite E, 64GB, Aurora Blue",76000000468,79 890 ₸,от 2 117 ₸/мес,синий,"159,8 х 76,1 х ​​8,1 мм",Hisilicon Kirin 710F (12 нм),EMUI 9.1 (на базе Android 9),,,4000 мАч,да / microUSB 2.0,"6.39""",1560 x 720,8 / f/2.0,64 Гб,,Huawei P40 Lite E
Смартфон OPPO A91 Blazing Blue,76000000701,89 990 ₸,от 2 384 ₸/мес,синий,"160,2 x 73,3 x 7,9 мм",Mediatek MT6771V Helio P70 (12 нм),Android 9.0 (Pie),,,4025 мАч,да / USB 2.0 / Type C 1.0 / reversible connector / USB On-The-Go,,2400 x 1080,,128 Гб,,OPPO A91
Смартфон OPPO Reno3 Auroral Blue,76000000703,249 990 ₸,от 6 623 ₸/мес,голубой,"160,2 x 73,3 x 7,9 мм",Mediatek MT6779 Helio P90 (12 нм),Android 10.0,,,4025 мАч,да / USB 2.0 / Type C 1.0 / reversible connector / USB On-The-Go,"6.4""",2400 x 1080,да / 44 / f/2.4 / HDR,128 Гб,,OPPO Reno 3 Pro
Смартфон OPPO Reno3 Sky White,76000000702,249 990 ₸,от 6 623 ₸/мес,белый,"160,2 x 73,3 x 7,9 мм",Mediatek MT6779 Helio P90 (12 нм),Android 10.0,,,4025 мАч,да / USB 2.0 / Type C 1.0 / reversible connector / USB On-The-Go,"6.4""",2400 x 1080,да / 44 / f/2.4 / HDR,128 Гб,,OPPO Reno 3 Pro
Смартфон OPPO A91 Lightening Black,76000000700,89 990 ₸,от 2 384 ₸/мес,чёрный,"160,2 x 73,3 x 7,9 мм",Mediatek MT6771V Helio P70 (12 нм),Android 9.0 (Pie),,,4025 мАч,да / USB 2.0 / Type C 1.0 / reversible connector / USB On-The-Go,"6.4""",2400 x 1080,16 / f/2.0 / HDR,128 Гб,,OPPO A91
Смартфон Samsung Galaxy S20 Ultra White (SM-G988B),76000000646,379 890 ₸,от 10 065 ₸/мес,белый,"166,9 х 76 х 8,8 мм","Octa-ядро (2x2,73 ГГц Mongoose M5 и 2x2,60 ГГц Cortex-A76 и 4x2,0 ГГц Cortex-A55) - Глобальное / Octa-ядро (1x2,84 ГГц Kryo 585 и 3x2,42 ГГц Kryo 585",Android 10.0,,,5000 мАч,да / Type C 1.0 / Power Delivery 3.0,,3200 х 1440 Пикс,,128 Гб,,Galaxy S20 Ultra
"Смартфон Huawei P40 Pro, 256GB, Silver Frost",76000000592,412 990 ₸,от 10 942 ₸/мес,серебристый,"158,2 х 72,6 х 9 мм",Кирин 990 5G (7 нм +),EMUI 10.1 (На базе Android 10),,,4200 мАч,USB 3.1 / Type C 1.0 / reversible connector / USB On-The-Go,"6.58""",2340×1080,да / 32 / f/2.2 / HDR / TOF 3D camera,256 Гб,,Huawei P40 Pro
"Смартфон Huawei P40 Pro, 256GB, Black",76000000593,412 990 ₸,от 10 942 ₸/мес,чёрный,"158,2 х 72,6 х 9 мм",Кирин 990 5G (7 нм +),EMUI 10.1 (На базе Android 10),,,4200 мАч,USB 3.1 / Type C 1.0 / reversible connector / USB On-The-Go,"6.58""",2340×1080,да / 32 / f/2.2 / HDR / TOF 3D camera,256 Гб,,Huawei P40 Pro
Смартфон Apple iPhone SE 256GB Slim Box (PRODUCT)RED,76000000573,344 890 ₸,от 9 137 ₸/мес,красный,"138,4 х 67,3 х 7,3 мм",Apple A13 Bionic,iOS 13,,,1821 мАч,да / USB 2.0 / reversible connector,"4.7""",1334 x 750 Пикс,да / 7 / f/2.2 / HDR / gyro EIS,256 Гб,,iPhone SE
Смартфон Apple iPhone SE 256GB Slim Box Black,76000000571,344 890 ₸,от 9 137 ₸/мес,чёрный,"138,4 х 67,3 х 7,3 мм",Apple A13 Bionic,iOS 13,,,1821 мАч,да / USB 2.0 / reversible connector,"4.7""",1334 x 750 Пикс,да / 7 / f/2.2 / HDR / gyro EIS,256 Гб,,iPhone SE
Смартфон Apple iPhone SE 256GB Slim Box White,76000000572,344 890 ₸,от 9 137 ₸/мес,белый,"138,4 х 67,3 х 7,3 мм",Apple A13 Bionic,iOS 13,,,1821 мАч,да / USB 2.0 / reversible connector,"4.7""",1334 x 750 Пикс,да / 7 / f/2.2 / HDR / gyro EIS,256 Гб,,iPhone SE
Смартфон Apple iPhone SE 128GB Slim Box (PRODUCT)RED,76000000570,259 890 ₸,от 6 885 ₸/мес,красный,"138,4 х 67,3 х 7,3 мм",Apple A13 Bionic,iOS 13,,,1821 мАч,да / USB 2.0 / reversible connector,,1334 x 750 Пикс,,128 Гб,,iPhone SE
Смартфон Apple iPhone SE 128GB Slim Box White,76000000569,259 890 ₸,от 6 885 ₸/мес,белый,"138,4 х 67,3 х 7,3 мм",Apple A13 Bionic,iOS 13,,,1821 мАч,да / USB 2.0 / reversible connector,,1334 x 750 Пикс,,128 Гб,,iPhone SE
Смартфон Apple iPhone SE 64GB Slim Box White,76000000567,229 890 ₸,от 6 091 ₸/мес,белый,"138,4 х 67,3 х 7,3 мм",Apple A13 Bionic,iOS 13,,,1821 мАч,да / USB 2.0 / reversible connector,,1334 x 750 Пикс,,64 Гб,,iPhone SE
Смартфон Apple iPhone SE 64GB Slim Box Black,76000000566,229 890 ₸,от 6 091 ₸/мес,чёрный,"138,4 х 67,3 х 7,3 мм",Apple A13 Bionic,iOS 13,,,1821 мАч,да / USB 2.0 / reversible connector,,1334 x 750 Пикс,,64 Гб,,iPhone SE
Смартфон Samsung Galaxy A31 Blue (SM-A315F),76000000523,109 930 ₸,от 2 912 ₸/мес,синий,"159,3 x 73,1 x 8,6 мм",,Android 10.0,,,5000 мАч,да / USB 2.0 / Type C 1.0 / reversible connector / USB On-The-Go,,2400 x 1080,,64 Гб,,Galaxy A31
Смартфон Samsung Galaxy A31 Black (SM-A315F),76000000524,109 930 ₸,от 2 912 ₸/мес,чёрный,"159,3 x 73,1 x 8,6 мм",,Android 10.0,,,5000 мАч,да / USB 2.0 / Type C 1.0 / reversible connector / USB On-The-Go,,2400 x 1080,,64 Гб,,Galaxy A31
"Смартфон Huawei P40 Lite E, 64GB,Midnight Black",76000000467,79 890 ₸,от 2 117 ₸/мес,чёрный,"159,8 х 76,1 х ​​8,1 мм",Hisilicon Kirin 710F (12 нм),EMUI 9.1 (на базе Android 9),,,4000 мАч,да / microUSB 2.0,,1560 x 720,,64 Гб,,Huawei P40 Lite E
Смартфон OPPO A31 Lake Green,76000000462,79 990 ₸,от 2 119 ₸/мес,зелёный,"163,9 х 75,5 х 8,3 мм",Mediatek MT6765V / CB Helio P35 (12 нм),Android 9.0 (Pie),,,4230 мАч,да / microUSB 2.0 / USB On-The-Go,"6.5""",1600 x 720 Пикс,8 / f/2.0 / HDR,64 Гб,,OPPO A31
Смартфон OPPO A31 Mystery Black,76000000461,79 990 ₸,от 2 119 ₸/мес,чёрный,"163,9 х 75,5 х 8,3 мм",Mediatek MT6765V / CB Helio P35 (12 нм),Android 9.0 (Pie),,,4230 мАч,да / microUSB 2.0 / USB On-The-Go,"6.5""",1600 x 720 Пикс,8 / f/2.0 / HDR,64 Гб,,OPPO A31
Смартфон Samsung Galaxy A71 Silver (SM-A715F),76000000308,189 890 ₸,от 5 031 ₸/мес,серебристый,163.6 x 76.0 x 7.7 мм,Qualcomm SDM730 Snapdragon 730 (8 нм) - Global,Android 10.0,,,4500 мАч,да / USB 2.0 / Type-C / reversible connector,,2400 x 1080,,128 Гб,,Galaxy A71
Смартфон Samsung Galaxy A71 Black (SM-A715F),76000000307,189 990 ₸,от 5 034 ₸/мес,чёрный,163.6 x 76.0 x 7.7 мм,Qualcomm SDM730 Snapdragon 730 (8 нм) - Global,Android 10.0,,,4500 мАч,да / USB 2.0 / Type-C / reversible connector,,2400 x 1080,,128 Гб,,Galaxy A71
Смартфон Samsung Galaxy A21s Red (SM-A217F),76000000874,89 930 ₸,от 2 383 ₸/мес,красный,"163,7 х 75,3 х 8,9 мм",Exynos 850 (8 нм),Android 10.0,,,5000 мАч,да / USB 2.0 / Type C 1.0,,1600 x 720 Пикс,,32 Гб,,Galaxy A21s
Смартфон Samsung Galaxy A21s White (SM-A217F),76000000875,89 930 ₸,от 2 383 ₸/мес,белый,"163,7 х 75,3 х 8,9 мм",Exynos 850 (8 нм),Android 10.0,,,5000 мАч,да / USB 2.0 / Type C 1.0,,1600 x 720 Пикс,,32 Гб,,Galaxy A21s
"Смартфон Huawei Y5p, 32GB Mint Green",76000000726,59 990 ₸,от 1 589 ₸/мес,зелёный,"146,5 х 70,9 х 8,4 мм",Mediatek MT6762R Helio P22 (12 нм),EMUI 10.1 (На базе Android 10),,,3020 мАч,да / USB 2.0 / microUSB 2.0,"5.45""",1440 x 720 Пикс,5 / f/2.2,32 Гб,,Huawei Y5p
"Смартфон Huawei Y6p, 64GB Midnight Black",76000000727,69 930 ₸,от 1 853 ₸/мес,чёрный,"159,1 х 74,1 х 9 мм",Mediatek MT6762R Helio P22 (12 нм),EMUI 10.1 (На базе Android 10),,,5000 мАч,да / USB 2.0 / microUSB,"6.3""",1600 x 720 Пикс,8 / f/2.0 / HDR,64 Гб,,Huawei Y6p
Смартфон Samsung Galaxy A41 Black (SM-A415F),76000000742,119 890 ₸,от 3 176 ₸/мес,чёрный,149.9 x 69.8 x 7.9,Mediatek MT6768 Helio P65 (12 нм),Android 10.0,,,3500 мАч,да / USB 2.0 / Type-C,,2400 x 1080,,64 Гб,,Galaxy A41
Смартфон OPPO Reno3 Pro Moonlight Black,76000000706,399 930 ₸,от 10 596 ₸/мес,чёрный,"158,8 х 73,4 х 8,1 мм",MediaTek Helio P95,Android 10.0,,,4025 мАч,да / microUSB / Type C 1.0 / reversible connector / USB On-The-Go,"6.4""",2400 x 1080,да / двойная / 2 / 44 / HDR,256 Гб,,OPPO Reno 3 Pro
Смартфон OPPO Reno3 Pro Starry Blue,76000000705,399 990 ₸,от 10 597 ₸/мес,синий,"158,8 х 73,4 х 8,1 мм",MediaTek Helio P95,Android 10.0,,,4025 мАч,да / microUSB / Type C 1.0 / reversible connector / USB On-The-Go,"6.4""",2400 x 1080,да / двойная / 2 / 44 / HDR,256 Гб,,OPPO Reno 3 Pro
Смартфон Xiaomi Redmi Note 9 4/128GB зеленый,76000000887,99 990 ₸,от 2 649 ₸/мес,зелёный,"162,3 х 77,2 х 8,9 мм",MediaTek Helio G85 (12 нм),Android 10 (MIUI 11),8,,5020 мАч,да / USB 2.0 / Type C 1.0,"6.53""",2340×1080,да / 13 / f/2.3 / HDR,128 Гб,4 Гб RAM,Xiaomi Redmi Note 9
Смартфон Xiaomi Redmi Note 9 Pro 6/64GB серый,76000000896,119 990 ₸,от 3 179 ₸/мес,серый,"165,8 х 76,7 х 8,8 мм",Qualcomm SM7125 Snapdragon 720G (8 нм),Android 10 (MIUI 11),,,5020 мАч,USB 2.0 / Type C 1.0 / reversible connector,,2400 x 1080,,64 Гб,,Xiaomi Redmi note 9 Pro
Смартфон OPPO A52 Stream White,76000000877,99 930 ₸,от 2 648 ₸/мес,белый,"162 x 75,5 x 8,9 мм",Qualcomm SM6125 Snapdragon 665 (11 нм),Android 10.0,,,5000 мАч,да / USB 2.0 / Type C 1.0 / reversible connector / USB On-The-Go,"6.5""",2400 x 1080,да / 8 / HDR,64 Гб,,OPPO A52
Смартфон OPPO A72 Aurora Purple,76000000880,119 900 ₸,от 3 177 ₸/мес,фиолетовый,"162 x 75,5 x 8,9 мм",Qualcomm SM6125 Snapdragon 665 (11 нм),Android 10.0,,,5000 мАч,да / USB 2.0 / Type C 1.0 / reversible connector / USB On-The-Go,,2400 x 1080,,128 Гб,,OPPO A72
Смартфон OPPO A72 Shining White,76000000879,119 900 ₸,от 3 177 ₸/мес,белый,"162 x 75,5 x 8,9 мм",Qualcomm SM6125 Snapdragon 665 (11 нм),Android 10.0,,,5000 мАч,да / USB 2.0 / Type C 1.0 / reversible connector / USB On-The-Go,,2400 x 1080,,128 Гб,,OPPO A72
Смартфон OPPO A72 Twilight Black,76000000878,119 900 ₸,от 3 177 ₸/мес,чёрный,"162 x 75,5 x 8,9 мм",Qualcomm SM6125 Snapdragon 665 (11 нм),Android 10.0,,,5000 мАч,да / USB 2.0 / Type C 1.0 / reversible connector / USB On-The-Go,"6.5""",2400 x 1080,16 / f/2.0 / HDR,128 Гб,,OPPO A72
Смартфон Samsung Galaxy A01 Core Red (SM-A013F),76000001411,29 890 ₸,от 792 ₸/мес,красный,"141,7 х 67,5 х 8,6 мм",Mediatek MT6739 (28 нм),Android 10.0,,,3000 мАч,да / USB 2.0 / microUSB,,1480 x 720 Пикс,,16 Гб,,Galaxy A01 Core
Смартфон Samsung Galaxy A01 Core Black (SM-A013F),76000001410,34 950 ₸,от 926 ₸/мес,чёрный,"141,7 х 67,5 х 8,6 мм",Mediatek MT6739 (28 нм),Android 10.0,,,3000 мАч,да / USB 2.0 / microUSB,"5.3""",1480 x 720 Пикс,да / 5 / f/2.4,16 Гб,,Galaxy A01 Core
Смартфон Samsung Galaxy A01 Core Blue (SM-A013F),76000001409,29 890 ₸,от 792 ₸/мес,синий,"141,7 х 67,5 х 8,6 мм",Mediatek MT6739 (28 нм),Android 10.0,,,3000 мАч,да / USB 2.0 / microUSB,"5.3""",1480 x 720 Пикс,да / 5 / f/2.4,16 Гб,,Galaxy A01 Core
Смартфон Xiaomi Redmi Note 9 Pro 6/64GB Glacier White,76000001202,119 950 ₸,от 3 178 ₸/мес,белый,"165,8 х 76,7 х 8,8 мм",Qualcomm SM7125 Snapdragon 720G (8 нм),Android 10 (MIUI 11),,,5020 мАч,USB 2.0 / Type C 1.0 / reversible connector,,2400 x 1080,,64 Гб,,Xiaomi Redmi note 9 Pro
Смартфон OPPO A12 32GB Blue,76000001199,49 990 ₸,от 1 324 ₸/мес,синий,"155,9 х 75,5 х 8,3 мм",Mediatek MT6765 Helio P35 (12 нм),Android 9.0 (Pie),,,4230 мАч,да / USB 2.0 / USB On-The-Go,,1520 х 720 Пикс,,32 Гб,,OPPO A12
Смартфон Xiaomi Redmi Note 9S 128GB Interstellar Grey,76000001197,109 990 ₸,от 2 914 ₸/мес,серый,"165,8 х 76,7 х 8,8 мм",Qualcomm SM7125 Snapdragon 720G (8 нм),Android 10 (MIUI 11),,,5020 мАч,USB 2.0 / Type C 1.0 / USB On-The-Go,,2400 x 1080,,128 Гб,,Xiaomi Redmi Note 9S
Смартфон Xiaomi Redmi Note 9S 128GB Aurora Blue,76000001274,109 990 ₸,от 2 914 ₸/мес,синий,"165,8 х 76,7 х 8,8 мм",Qualcomm SM7125 Snapdragon 720G (8 нм),Android 10 (MIUI 11),,,5020 мАч,USB 2.0 / Type C 1.0 / USB On-The-Go,"6.67""",2400 x 1080,да / 16 / f/2.5 / HDR,128 Гб,,Xiaomi Redmi Note 9S
Смартфон Xiaomi Redmi Note 9 3/64GB Белый,76000001285,89 930 ₸,от 2 383 ₸/мес,белый,"162,3 х 77,2 х 8,9 мм",MediaTek Helio G85 (12 нм),Android 10 (MIUI 11),8,2 SIM карты,5020 мАч,да / USB 2.0 / Type C 1.0,"6.53""",2340×1080,13,64 Гб,3 Гб RAM,Xiaomi Redmi Note 9
Смартфон Xiaomi Redmi Note 9 3/64GB Зеленый,76000001284,89 930 ₸,от 2 383 ₸/мес,зелёный,"162,3 х 77,2 х 8,9 мм",MediaTek Helio G85 (12 нм),Android 10 (MIUI 11),8,2 SIM карты,5020 мАч,да / USB 2.0 / Type C 1.0,"6.53""",2340×1080,13,64 Гб,3 Гб RAM,Xiaomi Redmi Note 9
Смартфон Xiaomi Redmi Note 9 3/64GB Серый,76000001283,89 930 ₸,от 2 383 ₸/мес,серый,"162,3 х 77,2 х 8,9 мм",MediaTek Helio G85 (12 нм),Android 10 (MIUI 11),8,2 SIM карты,5020 мАч,да / USB 2.0 / Type C 1.0,"6.53""",2340×1080,13,64 Гб,3 Гб RAM,Xiaomi Redmi Note 9
Смартфон OPPO A12 32GB Black,76000001198,49 990 ₸,от 1 324 ₸/мес,чёрный,"155,9 х 75,5 х 8,3 мм",Mediatek MT6765 Helio P35 (12 нм),Android 9.0 (Pie),,,4230 мАч,да / USB 2.0 / USB On-The-Go,,1520 х 720 Пикс,,32 Гб,,OPPO A12
Смартфон Samsung Galaxy A11 Red (SM-A115F),76000001207,59 890 ₸,от 1 587 ₸/мес,красный,"161,4 х 76,3 х 8 мм",,Android 10.0,,,4000 мАч,да / USB 2.0 / Type-C,"6.4""",1560 x 720,8 / f/2.0,32 Гб,,Galaxy A11
Смартфон Xiaomi Redmi Note 9S 128GB Glacier White,76000001196,109 990 ₸,от 2 914 ₸/мес,белый,"165,8 х 76,7 х 8,8 мм",Qualcomm SM7125 Snapdragon 720G (8 нм),Android 10 (MIUI 11),,,5020 мАч,USB 2.0 / Type C 1.0 / USB On-The-Go,"6.67""",2400 x 1080,да / 16 / f/2.5 / HDR,128 Гб,,Xiaomi Redmi Note 9S
Смартфон Samsung Galaxy A11 Black (SM-A115F),76000001206,59 890 ₸,от 1 587 ₸/мес,чёрный,"161,4 х 76,3 х 8 мм",,Android 10.0,,,4000 мАч,да / USB 2.0 / Type-C,"6.4""",1560 x 720,8 / f/2.0,32 Гб,,Galaxy A11
Смартфон Samsung Galaxy A51 128GB Silver (SM-A515F),76000001656,149 890 ₸,от 3 971 ₸/мес,серый,158.5 x 73.6 x 7.9 мм,"Octa-core (4x2,3 ГГц Cortex-A73 и 4x1,7 ГГц Cortex-A53)",Android 10.0,8,2 SIM карты,4000 мАч,да / USB 2.0 / Type C 1.0 / USB On-The-Go,"6.5""",2400 x 1080,32,128 Гб,6 Гб RAM,Galaxy A51
Смартфон Samsung Galaxy A51 64GB Silver (SM-A515F),76000001655,129 890 ₸,от 3 441 ₸/мес,серый,158.5 x 73.6 x 7.9 мм,Exynos 9611 (10nm),Android 9.0,8,,4000 мАч,да / USB 2.0 / Type C 1.0 / USB On-The-Go,"6.5""",2400 x 1080,32 / f/2.2 / HDR,64 Гб,4 Гб RAM,Galaxy A51
Смартфон ViVO X50 Frost Blue,76000001750,149 990 ₸,от 3 974 ₸/мес,голубой,"159,5 x 75,4 x 7,6 мм",Qualcomm SDM730 Snapdragon 730 (8 нм),Funtouch 10.5 (на базе Android 10),,,4200 мАч,USB 2.0 / Type C 1.0 / USB On-The-Go,"6.56""",2376 × 1080 Пикс,да / 32 / f/2.5 / HDR,128 Гб,,ViVO X50
Смартфон ViVO X50 Pro Alpha Grey,76000001754,199 990 ₸,от 5 299 ₸/мес,серый,"158,5 x 72,8 x 8 мм",Qualcomm SDM765 Snapdragon 765G (7 nm),Funtouch 10.5 (на базе Android 10),,,4315 мАч,да / Type C 1.0 / USB On-The-Go,"6.56""",2376 × 1080 Пикс,да / 32 / f/2.5 / HDR,256 Гб,,ViVO X50 Pro
Смартфон ViVO X50 Glaze Black,76000001749,229 990 ₸,от 6 093 ₸/мес,чёрный,"159,5 x 75,4 x 7,6 мм",Qualcomm SDM730 Snapdragon 730 (8 нм),Funtouch 10.5 (на базе Android 10),,,4200 мАч,USB 2.0 / Type C 1.0 / USB On-The-Go,"6.56""",2376 × 1080 Пикс,да / 32 / f/2.5 / HDR,128 Гб,,ViVO X50
Смартфон OPPO A12 64GB Black,76000001678,67 990 ₸,от 1 801 ₸/мес,чёрный,"155,9 х 75,5 х 8,3 мм",Mediatek MT6765 Helio P35 (12 нм),Android 9.0 (Pie),,,4230 мАч,да / USB 2.0 / USB On-The-Go,"6.22""",1520 х 720 Пикс,да / 5 / f/2.0 / HDR,64 Гб,,OPPO A12
Смартфон OPPO A12 64GB Blue,76000001679,69 990 ₸,от 1 854 ₸/мес,голубой,"155,9 х 75,5 х 8,3 мм",Mediatek MT6765 Helio P35 (12 нм),Android 9.0 (Pie),,,4230 мАч,да / USB 2.0 / USB On-The-Go,,1520 х 720 Пикс,,64 Гб,,OPPO A12
Смартфон Samsung Galaxy Note20 Ultra Black (SM-N985F),76000001643,699 900 ₸,от 18 543 ₸/мес,чёрный,"164,8 х 77,2 х 8,1 мм",Exynos 990 (7 нм +) - Global,Android 10.0,,,4500 мАч,да / USB 3.2 / Type C 1.0 / USB On-The-Go / Power Delivery 3.0,,3200 х 1440 Пикс,,256 Гб,,Galaxy Note 20 Ultra
Смартфон Samsung Galaxy Note20 Ultra Brown (SM-N985F),76000001644,699 900 ₸,от 18 543 ₸/мес,коричневый,"164,8 х 77,2 х 8,1 мм",Exynos 990 (7 нм +) - Global,Android 10.0,,,4500 мАч,да / USB 3.2 / Type C 1.0 / USB On-The-Go / Power Delivery 3.0,,3200 х 1440 Пикс,,256 Гб,,Galaxy Note 20 Ultra
Смартфон Samsung Galaxy Note20 Ultra White (SM-N985F),76000001645,699 900 ₸,от 18 543 ₸/мес,белый,"164,8 х 77,2 х 8,1 мм",Exynos 990 (7 нм +) - Global,Android 10.0,,,4500 мАч,да / USB 3.2 / Type C 1.0 / USB On-The-Go / Power Delivery 3.0,"6.9""",3200 х 1440 Пикс,10 / f/2.2 / dual video call / авто-HDR,256 Гб,,Galaxy Note 20 Ultra
Смартфон Samsung Galaxy Note20 Green (SM-N980F),76000001641,599 900 ₸,от 15 894 ₸/мес,зелёный,"161,6 х 75,2 х 8,3 мм",Exynos 990 (7 нм +) - Global,Android 10.0,,,4300 мАч,да / USB 3.2 / Type C 1.0 / USB On-The-Go / Power Delivery 3.0,"6.7""",2400 x 1080,10 / f/2.2 / dual video call / авто-HDR,256 Гб,,Galaxy Note 20
Смартфон Samsung Galaxy Note20 Brown (SM-N980F),76000001642,599 900 ₸,от 15 894 ₸/мес,коричневый,"161,6 х 75,2 х 8,3 мм",Exynos 990 (7 нм +) - Global,Android 10.0,,,4300 мАч,да / USB 3.2 / Type C 1.0 / USB On-The-Go / Power Delivery 3.0,,2400 x 1080,,256 Гб,,Galaxy Note 20
Смартфон Prestigio Muze D1 PFP1285DUOBLACK,76000001486,6 990 ₸,от 260 ₸/мес,чёрный,55x132x9.9 мм,MediaTek MT6261,,,,,,"2.8""",,,32 Гб,,Prestigio Muze D 1
Смартфон Prestigio MUZE E5 LTE PSP5545DUOBLACK,76000001484,40 990 ₸,от 1 086 ₸/мес,чёрный,71.4х148.5х9.5 мм,MediaTek MT6739,Android 8.1,,,,да / microUSB,"5.5""",1440 x 720 Пикс,да / 5,16 Гб,,Prestigio MUZE E5
Смартфон Prestigio Muze K3 LTE PSP3534DUOBLACK,76000001482,33 990 ₸,от 901 ₸/мес,чёрный,146.7х70.8х9.1 мм,,Android 8.1 Oreo (Go Edition),,,2000 мАч,да / USB 2.0,"5.34""",960 х 480 Пикс,да / 2,8 Гб,,Prestigio Muze K3
Смартфон Prestigio WIZE Y3 PSP3406DUOBLACK,76000001481,28 990 ₸,от 768 ₸/мес,чёрный,64x125x9.9 мм,"Spreadtrum SC7731, 1300 МГц",Android 8.1,,,1400 мАч,да / microUSB,"4""",800 x 480 Пикс,да / 0.3,8 Гб,,Prestigio WIZE Y3
Смартфон Samsung Galaxy Note20 Gray (SM-N980F),76000001640,599 900 ₸,от 15 894 ₸/мес,серый,"161,6 х 75,2 х 8,3 мм",Exynos 990 (7 нм +) - Global,Android 10.0,,,4300 мАч,да / USB 3.2 / Type C 1.0 / USB On-The-Go / Power Delivery 3.0,,2400 x 1080,,256 Гб,,Galaxy Note 20
Смартфон iPhone 12 128GB Slim Box White,76000002927,454 890 ₸,от 12 052 ₸/мес,белый,"146,7 x 71,5 x 7,4 мм",Apple A14 Bionic,iOS 14,,,,USB 2.0,"6.1""",2532 х 1170 Пикс,да / двойная / 12 / HDR / gyro EIS,128 Гб,,iPhone 12
Смартфон iPhone 12 128GB Slim Box Blue,76000002925,454 890 ₸,от 12 052 ₸/мес,синий,"146,7 x 71,5 x 7,4 мм",Apple A14 Bionic,iOS 14,,,,USB 2.0,,2532 х 1170 Пикс,,128 Гб,,iPhone 12
Смартфон iPhone 12 128GB Slim Box (PRODUCT)RED,76000002923,454 890 ₸,от 12 052 ₸/мес,красный,"146,7 x 71,5 x 7,4 мм",Apple A14 Bionic,iOS 14,,,,USB 2.0,"6.1""",2532 х 1170 Пикс,да / двойная / 12 / HDR / gyro EIS,128 Гб,,iPhone 12
Смартфон Samsung Galaxy S20 FE Red (SM-G780F),76000002659,269 890 ₸,от 7 150 ₸/мес,красный,"159,8 x 74,5 x 8,4 мм",Samsung Exynos 990,Android 10.0,,,4500 мАч,да / Type C 1.0 / USB On-The-Go / Power Delivery 3.0,,2400 x 1080,,128 Гб,,Galaxy S20 FE
Смартфон Samsung Galaxy S20 FE Green (SM-G780F),76000002658,269 890 ₸,от 7 150 ₸/мес,зелёный,"159,8 x 74,5 x 8,4 мм",Samsung Exynos 990,Android 10.0,,,4500 мАч,да / Type C 1.0 / USB On-The-Go / Power Delivery 3.0,,2400 x 1080,,128 Гб,,Galaxy S20 FE
Смартфон Samsung Galaxy S20 FE Blue (SM-G780F),76000002657,269 890 ₸,от 7 150 ₸/мес,синий,"159,8 x 74,5 x 8,4 мм",Samsung Exynos 990,Android 10.0,,,4500 мАч,да / Type C 1.0 / USB On-The-Go / Power Delivery 3.0,,2400 x 1080,,128 Гб,,Galaxy S20 FE
Смартфон iPhone 12 Pro Max 128GB Slim Box Silver,76000002971,649 890 ₸,от 17 218 ₸/мес,серебристый,"160,8 x 78,1 x 7,4 мм",Apple A14 Bionic,iOS 14,,,,USB 2.0,"6.7""",2778 х 1284 Пикс,да / двойная / 12 / HDR / gyro EIS / TOF 3D camera,128 Гб,,iPhone 12 Pro Max
Смартфон iPhone 12 Pro Max 128GB Slim Box Pacific Blue,76000002973,649 890 ₸,от 17 218 ₸/мес,синий,"160,8 x 78,1 x 7,4 мм",Apple A14 Bionic,iOS 14,,,,USB 2.0,,2778 х 1284 Пикс,,128 Гб,,iPhone 12 Pro Max
Смартфон iPhone 12 Pro Max 256GB Slim Box Gold,76000002976,709 890 ₸,от 18 808 ₸/мес,золотистый,"160,8 x 78,1 x 7,4 мм",Apple A14 Bionic,iOS 14,,,,USB 2.0,,2778 х 1284 Пикс,,256 Гб,,iPhone 12 Pro Max
Смартфон iPhone 12 Pro Max 128GB Slim Box Gold,76000002972,649 890 ₸,от 17 218 ₸/мес,золотистый,"160,8 x 78,1 x 7,4 мм",Apple A14 Bionic,iOS 14,,,,USB 2.0,"6.7""",2778 х 1284 Пикс,да / двойная / 12 / HDR / gyro EIS / TOF 3D camera,128 Гб,,iPhone 12 Pro Max
Смартфон iPhone 12 Pro Max 256GB Slim Box Graphite,76000002974,709 890 ₸,от 18 808 ₸/мес,серый,"160,8 x 78,1 x 7,4 мм",Apple A14 Bionic,iOS 14,,,,USB 2.0,,2778 х 1284 Пикс,,256 Гб,,iPhone 12 Pro Max
Смартфон iPhone 12 Pro 128GB Slim Box Silver,76000002958,589 900 ₸,от 15 629 ₸/мес,серебристый,"146,7 x 71,5 x 7,4 мм",Apple A14 Bionic,iOS 14,,,,USB 2.0,"6.1""",2532 х 1170 Пикс,да / двойная / 12 / HDR / gyro EIS / TOF 3D camera,128 Гб,,iPhone 12 Pro
Смартфон iPhone 12 Pro 256GB Slim Box Pacific Blue,76000002965,649 890 ₸,от 17 218 ₸/мес,синий,"146,7 x 71,5 x 7,4 мм",Apple A14 Bionic,iOS 14,,,,USB 2.0,,2532 х 1170 Пикс,да / двойная / 12 / HDR / gyro EIS / TOF 3D camera,256 Гб,,iPhone 12 Pro
Смартфон iPhone 12 Pro 128GB Slim Box Pacific Blue,76000002960,589 900 ₸,от 15 629 ₸/мес,синий,"146,7 x 71,5 x 7,4 мм",Apple A14 Bionic,iOS 14,,,,USB 2.0,,2532 х 1170 Пикс,да / двойная / 12 / HDR / gyro EIS / TOF 3D camera,128 Гб,,iPhone 12 Pro
Смартфон iPhone 12 Pro 256GB Slim Box Gold,76000002964,649 890 ₸,от 17 218 ₸/мес,золотистый,"146,7 x 71,5 x 7,4 мм",Apple A14 Bionic,iOS 14,,,,USB 2.0,,2532 х 1170 Пикс,да / двойная / 12 / HDR / gyro EIS / TOF 3D camera,256 Гб,,iPhone 12 Pro
Смартфон iPhone 12 Pro 128GB Slim Box Gold,76000002959,589 900 ₸,от 15 629 ₸/мес,золотистый,"146,7 x 71,5 x 7,4 мм",Apple A14 Bionic,iOS 14,,,,USB 2.0,"6.1""",2532 х 1170 Пикс,да / двойная / 12 / HDR / gyro EIS / TOF 3D camera,128 Гб,,iPhone 12 Pro
Смартфон iPhone 12 Pro 256GB Slim Box Graphite,76000002961,649 890 ₸,от 17 218 ₸/мес,серый,"146,7 x 71,5 x 7,4 мм",Apple A14 Bionic,iOS 14,,,,USB 2.0,,2532 х 1170 Пикс,,256 Гб,,iPhone 12 Pro
Смартфон iPhone 12 mini 128GB Slim Box Blue,76000002940,394 890 ₸,от 10 462 ₸/мес,синий,"131,5 x 64,2 x 7,4 мм",Apple A14 Bionic,iOS 14,,,,USB 2.0,"5.45""",,да / двойная / 12 / HDR / gyro EIS,128 Гб,,iPhone 12 mini
