title,price,size,resolution,brand,rating
Телевизор OLED LG 55BXRLB,699990,55,4К UHD (3840x2160),LG,0
Телевизор LED LG 49NANO866NA (4K),394990,49,4К UHD (3840x2160),LG,0
Телевизор LED LG 50NANO796NF (4K),279990,50,4К UHD (3840x2160),LG,0
Телевизор OLED LG 65GXRLA,1999990,65,4К UHD (3840x2160),LG,0
Телевизор LED LG 55NANO916NA (4K),649990,55,4К UHD (3840x2160),LG,0
Телевизор LED LG 43 UN81006LB (4K),239990,43,4К UHD (3840x2160),LG,5
Телевизор OLED LG 65CXRLA,1699990,65,4К UHD (3840x2160),LG,0
Телевизор LED LG 55NANO796NF (4K),329990,55,4К UHD (3840x2160),LG,0
Телевизор LG LED 43LM5772PLA FHD SMART,189990,43,Full HD (1920x1080),LG,0
Телевизор LED XIAOMI Mi TV 4A 32 (Android),109990,32,HD (1366х768),XIAOMI,0
Телевизор LED KIVI 32 H 510KD,124890,32,HD (1366х768),KIVI,5
Телевизор LED LG 75NANO906NA (4K),1199990,75,4К UHD (3840x2160),LG,0
Телевизор BLAUPUNKT LED 32WE265T HD SMART,96990,32,HD (1366х768),BLAUPUNKT,4.8
Телевизор LED XIAOMI Mi TV 4S 43 (Android),179990,43,4К UHD (3840x2160),XIAOMI,4.555555555555555
Телевизор LG LED 32LM577BPLA HD SMART,144990,32,HD (1366х768),LG,0
Телевизор DENN LED 50DE87SU (Android),164990,50,4К UHD (3840x2160),DENN,5
Телевизор LED KIVI 24 H 600KD (Smart),99890,24,HD (1366х768),KIVI,5
Телевизор QLED SAMSUNG QE 55 Q60TAUXCE,449990,55,4К UHD (3840x2160),SAMSUNG,0
Телевизор SAMSUNG LED UE55AU7100UXCE UHD SMART,369990,55,4К UHD (3840x2160),SAMSUNG,0
Телевизор SAMSUNG LED UE50TU7090UXCE UHD SMART,279990,50,4К UHD (3840x2160),SAMSUNG,0
Телевизор BLAUPUNKT LED 43FE265T FHD SMART,139990,43,Full HD (1920x1080),BLAUPUNKT,5
Телевизор LED LG 50 UN74006LA (4K),269990,50,4К UHD (3840x2160),LG,0
Телевизор SAMSUNG LED UE50AU7100UXCE UHD SMART,299990,50,4К UHD (3840x2160),SAMSUNG,0
Телевизор SAMSUNG LED UE65AU7100UXCE UHD SMART,474990,65,4К UHD (3840x2160),SAMSUNG,0
Телевизор LED KIVI 32 H 710KB (Smart),144890,32,HD (1366х768),KIVI,5
Телевизор LED SAMSUNG UE 32 T 4500,144990,32,HD (1366х768),SAMSUNG,0
Телевизор LED TCL 43P715 (4K Smart),169990,43,4К UHD (3840x2160),TCL,0
Телевизор SAMSUNG LED UE43AU7100UXCE UHD SMART,244990,43,4К UHD (3840x2160),SAMSUNG,5
Телевизор OLED LG 65BXRLB,1299990,65,4К UHD (3840x2160),LG,0
Телевизор LED SAMSUNG UE 43 T 5300 (SMART.Wi-Fi),194990,43,Full HD (1920x1080),SAMSUNG,2
Телевизор SAMSUNG QLED QE32LS03TBKXCE The Frame UHD SMART,249990,32,1920х1080 Full HD,SAMSUNG,0
Телевизор SAMSUNG QLED QE65QN800AUXCE 8K SMART,1899990,65,8K (7680 x 4320),SAMSUNG,0
"Телевизор LED SONY KD 55 XH8096 (4K,Android)",399990,55,4К UHD (3840x2160),SONY,0
Телевизор LG LED 70UP77506LA UHD SMART,539990,70,4К UHD (3840x2160),LG,0
Телевизор SAMSUNG LED UE50AU9000UXCE UHD SMART,369990,50,4К UHD (3840x2160),SAMSUNG,0
Телевизор SAMSUNG QLED QE55QN90AAUXCE UHD SMART,959990,55,4К UHD (3840x2160),SAMSUNG,0
Телевизор LG OLED55C1RLA,749990,55,4К UHD (3840x2160),LG,0
Телевизор SAMSUNG QLED QE55Q60AAUXCE UHD SMART,499990,55,4К UHD (3840x2160),SAMSUNG,0
Телевизор LED SAMSUNG QE 55 LS 01TAUXRU,609990,55,4К UHD (3840x2160),SAMSUNG,0
Телевизор LED XIAOMI Mi TV 4S 55 (Android),289990,55,4К UHD (3840x2160),XIAOMI,0
Телевизор LED SAMSUNG UE 43 TU 8000 (4K),249990,43,4К UHD (3840x2160),SAMSUNG,5
Телевизор SAMSUNG QLED QE75QN900AUXCE 8K SMART,3899990,75,8K (7680 x 4320),SAMSUNG,5
Телевизор LED KIVI 40 F 710KB (Smart),189890,40,Full HD (1920x1080),KIVI,5
Телевизор JVC LED LT-40MU580 FullHD,104990,40,Full HD (1920x1080),JVC,0
Телевизор LG MiniLED 65QNED916PA UHD SMART,1249990,65,4К UHD (3840x2160),LG,0
Телевизор LG LED 50UP76006LC UHD SMART,269990,50,4К UHD (3840x2160),LG,0
Телевизор SAMSUNG LED UE65TU7090UXCE UHD SMART,454990,65,4К UHD (3840x2160),SAMSUNG,0
Телевизор SAMSUNG QLED QE55QN85AAUXCE UHD SMART,849990,55,4К UHD (3840x2160),SAMSUNG,0
Телевизор LED TCL 50P715 (4K Smart),229990,50,4К UHD (3840x2160),TCL,0
Телевизор LED XIAOMI Mi TV 4S 50 (Android),229990,50,4К UHD (3840x2160),XIAOMI,5
Телевизор QLED SAMSUNG QE 55 Q70TAUXCE,499990,55,4К UHD (3840x2160),SAMSUNG,0
Телевизор LED SAMSUNG UE 55 TU 8500 (4K),359990,55,4К UHD (3840x2160),SAMSUNG,5
Телевизор SAMSUNG QLED QE50LS03AAUXCE The Frame UHD SMART,619990,50,4К UHD (3840x2160),SAMSUNG,0
Телевизор LG OLED88Z19LA,15999990,88,8K (7680 x 4320),LG,0
Телевизор LG OLED55B1RLA,699990,55,4К UHD (3840x2160),LG,0
Телевизор LED SAMSUNG UE 65 TU 8570 (4K),519990,65,4К UHD (3840x2160),SAMSUNG,0
Телевизор LED SAMSUNG UE 50 TU 8000 (4K),279990,50,4К UHD (3840x2160),SAMSUNG,5
Телевизор QLED SAMSUNG QE 65 Q60TAUXCE,579990,65,4К UHD (3840x2160),SAMSUNG,5
Телевизор LG NanoCell 55NANO766PA UHD SMART,399990,55,4К UHD (3840x2160),LG,0
Телевизор LG LED 50UP77006LB UHD SMART,279990,50,4К UHD (3840x2160),LG,0
Телевизор SAMSUNG LED UE55TU7090UXCE UHD SMART,339990,55,4К UHD (3840x2160),SAMSUNG,0
Телевизор SAMSUNG LED UE43AU8000UXCE UHD SMART,269990,43,4К UHD (3840x2160),SAMSUNG,0
Телевизор LG LED 55UP77006LB UHD SMART,329990,55,4К UHD (3840x2160),LG,0
Телевизор LED KIVI 32 F 710KB (Smart),114890,32,Full HD (1920x1080),KIVI,5
Телевизор SAMSUNG QLED QE65Q60AAUXCE UHD SMART,649990,65,4К UHD (3840x2160),SAMSUNG,0
Телевизор DENN LED 32DE81BH ,89990,32,1366x768 HD,DENN,0
Телевизор SONY LED XR55X90JCEP UHD SMART,729990,55,4К UHD (3840x2160),SONY,0
Телевизор LG LED 60UP77506LA UHD SMART,369990,60,4К UHD (3840x2160),LG,0
Телевизор LG NanoCell 55NANO926PB UHD SMART,649990,55,4К UHD (3840x2160),LG,0
Телевизор LED KIVI 40 U 600KD,159890,40,4К UHD (3840x2160),KIVI,0
Телевизор LG LED 55UP76006LC UHD SMART,309990,55,4К UHD (3840x2160),LG,0
Телевизор SAMSUNG LED UE55AU9000UXCE UHD SMART,439990,55,4К UHD (3840x2160),SAMSUNG,0
Телевизор SAMSUNG LED UE50AU8000UXCE UHD SMART,339990,50,4К UHD (3840x2160),SAMSUNG,0
Телевизор BLAUPUNKT LED 32WC265T HD,74990,32,HD (1366х768),BLAUPUNKT,4.2
Телевизор LED KIVI 40 F 510KD,134890,40,Full HD (1920x1080),KIVI,5
Телевизор QLED SAMSUNG QE 75 Q60TAUXCE,849990,75,4К UHD (3840x2160),SAMSUNG,0
Телевизор LED SONY KD 65 XG7096,499990,65,4К UHD (3840x2160),SONY,0
Телевизор LED SONY KDL 50 WF665,249990,50,Full HD (1920x1080),SONY,0
Телевизор SAMSUNG QLED QE55Q80AAUXCE UHD SMART,709990,55,4К UHD (3840x2160),SAMSUNG,0
Телевизор LG NanoCell 65NANO766PA UHD SMART,529990,65,4К UHD (3840x2160),LG,0
Телевизор LG LED 86UP81006LA UHD SMART,1249990,86,4К UHD (3840x2160),LG,0
Телевизор LG LED 55UP78006LC UHD SMART,339990,55,4К UHD (3840x2160),LG,0
Телевизор LG LED 65UP76006LC UHD SMART,429990,65,4К UHD (3840x2160),LG,0
Телевизор LG NanoCell 55NANO806PA UHD SMART,479990,55,4К UHD (3840x2160),LG,0
Телевизор LG LED 43UP77006LB UHD SMART,234990,43,4К UHD (3840x2160),LG,0
Телевизор SAMSUNG QLED QE50Q60AAUXCE UHD SMART,419990,50,4К UHD (3840x2160),SAMSUNG,0
Телевизор SAMSUNG LED UE43AU9000UXCE UHD SMART,299990,43,4К UHD (3840x2160),SAMSUNG,0
Телевизор LG LED 50UP78006LC UHD SMART,289990,50,4К UHD (3840x2160),LG,0
Телевизор LG LED 43UP76906LE UHD SMART,234990,43,4К UHD (3840x2160),LG,0
Телевизор SAMSUNG LED UE70AU7100UXCE UHD SMART,569990,70,4К UHD (3840x2160),SAMSUNG,0
Телевизор LG OLED48C1RLA,649990,48,4К UHD (3840x2160),LG,0
Телевизор BLAUPUNKT LED 50UN265T UHD SMART,189990,50,4К UHD (3840x2160),BLAUPUNKT,5
Телевизор BLAUPUNKT LED 43UN265T UHD SMART,144990,43,4К UHD (3840x2160),BLAUPUNKT,4.8
Телевизор REBUS LED 43DS6500,114990,43,Full HD (1920x1080),REBUS,0
"Телевизор LED SONY KD 49 XH8096 (4K,Android)",349990,49,4К UHD (3840x2160),SONY,5
Телевизор LED SAMSUNG QE 43 LS 05TAUXRU,599990,43,4К UHD (3840x2160),SAMSUNG,0
Телевизор LED TCL 40 S65A (Android),169990,40,Full HD (1920x1080),TCL,0
Телевизор LED SAMSUNG QE 50 LS 03TAUXCE,479990,50,4К UHD (3840x2160),SAMSUNG,0
Телевизор LED SAMSUNG UE 50 TU 7100 (4K),249990,50,4К UHD (3840x2160),SAMSUNG,0
Телевизор LED SAMSUNG QE 49 LS 01TAUXRU,479990,49,4К UHD (3840x2160),SAMSUNG,5
Телевизор LED LG 32 LM570,129990,32,HD (1366х768),LG,0
Телевизор LED SONY KDL 43 WF665,229990,43,Full HD (1920x1080),SONY,0
Телевизор SAMSUNG QLED QE65QN90AAUXCE UHD SMART,1279990,65,4К UHD (3840x2160),SAMSUNG,0
Телевизор LG MiniLED 75QNED996PB 8K SMART,2699990,75,8K (7680 x 4320),LG,0
Телевизор SAMSUNG QLED QE55LS03AAUXCE The Frame UHD SMART,699990,55,4К UHD (3840x2160),SAMSUNG,0
Телевизор LG NanoCell 50NANO766PA UHD SMART,329990,50,4К UHD (3840x2160),LG,0
Телевизор SAMSUNG QLED QE65LS03AAUXCE The Frame UHD SMART,949990,65,4К UHD (3840x2160),SAMSUNG,0
Телевизор SAMSUNG QLED QE43LS03AAUXCE The Frame UHD SMART,539990,43,4К UHD (3840x2160),SAMSUNG,0
Телевизор LG NanoCell 43NANO766PA UHD SMART,289990,43,4К UHD (3840x2160),LG,0
Телевизор LG LED 65UP78006LC UHD SMART,459990,65,4К UHD (3840x2160),LG,0
Телевизор LG LED 43UP78006LC UHD SMART,239990,43,4К UHD (3840x2160),LG,0
Телевизор SAMSUNG LED UE65AU9000UXCE UHD SMART,589990,65,4К UHD (3840x2160),SAMSUNG,0
Телевизор SAMSUNG QLED QE75QN85AAUXCE UHD SMART,1599990,75,4К UHD (3840x2160),SAMSUNG,0
Телевизор LED KIVI 43 U 710KB,219890,43,4К UHD (3840x2160),KIVI,5
Телевизор LED KIVI 32 F 710KW (Smart),124890,32,Full HD (1920x1080),KIVI,4.923076923076923
"Телевизор LED SONY KD 49 XH8596 (4K,Android)",449990,49,4К UHD (3840x2160),SONY,0
Телевизор LED LG 55 UN74006LA (4K),324990,55,4К UHD (3840x2160),LG,0
Телевизор QLED SAMSUNG QE 65 Q95TAUXCE,1299990,65,4К UHD (3840x2160),SAMSUNG,0
Телевизор LED SAMSUNG QE 75 LS 03TAUXCE,1249990,75,4К UHD (3840x2160),SAMSUNG,0
Телевизор QLED SAMSUNG QE 75 Q70TAUXCE,999990,75,4К UHD (3840x2160),SAMSUNG,5
Телевизор LED SONY KDL 40 WD653,169990,40,Full HD (1920x1080),SONY,0
Телевизор SONY LED KD50X85TJCEP UHD SMART,549990,50,4К UHD (3840x2160),SONY,0
Телевизор LG LED 75UP77506LA UHD SMART,739990,75,4К UHD (3840x2160),LG,0
Телевизор SAMSUNG QLED QE85Q60AAUXCE UHD SMART,1499990,85,4К UHD (3840x2160),SAMSUNG,0
Телевизор LG LED 82UP81006LA UHD SMART,1199990,82,4К UHD (3840x2160),LG,0
Телевизор SAMSUNG QLED QE75QN800AUXCE 8K SMART,2799990,75,8K (7680 x 4320),SAMSUNG,0
Телевизор SONY LED KD50X81JR UHD SMART,499990,50,4К UHD (3840x2160),SONY,0
Телевизор SONY OLED XR55A80JCEP,1199990,55,4К UHD (3840x2160),SONY,0
Телевизор LG LED 50UP81006LA UHD SMART,299990,50,4К UHD (3840x2160),LG,0
Телевизор LG OLED55A1RLA,649990,55,4К UHD (3840x2160),LG,0
Телевизор SAMSUNG LED UE85AU7100UXCE UHD SMART,1149990,85,4К UHD (3840x2160),SAMSUNG,0
Телевизор SAMSUNG LED UE85AU8000UXCE UHD SMART,1299990,85,4К UHD (3840x2160),SAMSUNG,0
Телевизор LG NanoCell 75NANO926PB UHD SMART,1399990,75,4К UHD (3840x2160),LG,0
Телевизор LG NanoCell 50NANO806PA UHD SMART,419990,50,4К UHD (3840x2160),LG,0
Телевизор SONY OLED XR65A90JCEP,1999990,65,4К UHD (3840x2160),SONY,0
Телевизор SAMSUNG LED UE55AU8000UXCE UHD SMART,399990,55,4К UHD (3840x2160),SAMSUNG,0
Телевизор SAMSUNG LED UE43TU7090UXCE UHD SMART,229990,43,4К UHD (3840x2160),SAMSUNG,0
Телевизор SAMSUNG LED UE65AU7500UXCE UHD SMART,484990,65,4К UHD (3840x2160),SAMSUNG,0
Телевизор SAMSUNG QLED QE43Q60AAUXCE UHD SMART,339990,43,4К UHD (3840x2160),SAMSUNG,0
Телевизор SAMSUNG QLED QE85QN900AUXCE 8K SMART,5899990,85,8K (7680 x 4320),SAMSUNG,0
Телевизор LG OLED65G1RLA,1599990,65,4К UHD (3840x2160),LG,0
Телевизор LG NanoCell 55NANO866PA UHD SMART,529990,55,4К UHD (3840x2160),LG,0
Телевизор SAMSUNG LED UE65AU8000UXCE UHD SMART,529990,65,4К UHD (3840x2160),SAMSUNG,0
Телевизор SAMSUNG LED UE75AU8000UXCE UHD SMART,849990,75,4К UHD (3840x2160),SAMSUNG,0
Телевизор SAMSUNG LED UE75AU7100UXCE UHD SMART,739990,75,4К UHD (3840x2160),SAMSUNG,0
Телевизор LG OLED65C1RLA,1299990,65,4К UHD (3840x2160),LG,0
Телевизор LED KIVI 50 U 710KB,229890,50,4К UHD (3840x2160),KIVI,5
Телевизор LED KIVI 55 U 710KB,239890,55,4К UHD (3840x2160),KIVI,5
Телевизор QLED SAMSUNG QE 82 Q800TAUXCE,3799990,82,8K (7680 x 4320),SAMSUNG,0
Телевизор QLED SAMSUNG QE 75 Q80TAUXCE,1249990,75,4К UHD (3840x2160),SAMSUNG,0
Телевизор QLED SAMSUNG QE 65 Q800TAUXCE,1999990,65,8K (7680 x 4320),SAMSUNG,5
Телевизор LED SAMSUNG QE 65 LS 03TAUXCE,869990,65,4К UHD (3840x2160),SAMSUNG,0
Телевизор LED SAMSUNG QE 55 LS 03TAUXCE,609990,55,4К UHD (3840x2160),SAMSUNG,0
Телевизор LED KIVI 40 U 600GR,159890,40,4К UHD (3840x2160),KIVI,5
Телевизор LED SONY KDL 32 WD603,199990,32,HD (1366х768),SONY,0
Телевизор LED TCL 55P725 (4K Smart),279990,55,4К UHD (3840x2160),TCL,0
Телевизор SONY LED KD43X85TJCEP UHD SMART,479990,43,4К UHD (3840x2160),SONY,0
Телевизор LG NanoCell 65NANO806PA UHD SMART,629990,65,4К UHD (3840x2160),LG,0
Телевизор SONY LED KD65X85TJCEP UHD SMART,829990,65,4К UHD (3840x2160),SONY,0
Телевизор SONY LED XR75X95JCEP UHD SMART,1599990,75,4К UHD (3840x2160),SONY,0
Телевизор LG OLED48A1RLA,549990,48,4К UHD (3840x2160),LG,0
Телевизор LG NanoCell 65NANO926PB UHD SMART,949990,65,4К UHD (3840x2160),LG,0
Телевизор LG OLED83C1RLA,3999990,83,4К UHD (3840x2160),LG,0
Телевизор LG NanoCell 55NANO776PA UHD SMART,399990,55,4К UHD (3840x2160),LG,0
Телевизор SAMSUNG QLED QE65Q77AAUXCE UHD SMART,749990,65,4К UHD (3840x2160),SAMSUNG,0
Телевизор LG LED 65UP77006LB UHD SMART,449990,65,4К UHD (3840x2160),LG,0
Телевизор SAMSUNG QLED QE75Q60AAUXCE UHD SMART,999990,75,4К UHD (3840x2160),SAMSUNG,0
Телевизор LG NanoCell 75NANO766PA UHD SMART,849990,75,4К UHD (3840x2160),LG,0
Телевизор LG LED 65UP81006LA UHD SMART,489990,65,4К UHD (3840x2160),LG,0
Телевизор LG LED 43UP76006LC UHD SMART,224990,43,4К UHD (3840x2160),LG,0
Телевизор LG NanoCell 50NANO866PA UHD SMART,449990,50,4К UHD (3840x2160),LG,0
Телевизор SAMSUNG LED UE50AU7500UXCE UHD SMART,309990,50,4К UHD (3840x2160),SAMSUNG,0
Телевизор SONY OLED XR55A90JCEP,1599990,55,4К UHD (3840x2160),SONY,0
Телевизор LG OLED77C1RLA,2499990,77,4К UHD (3840x2160),LG,0
Телевизор LG LED 43UP81006LA UHD SMART,259990,43,4К UHD (3840x2160),LG,0
Телевизор LED TCL 55P715 (4K Smart),209990,55,4К UHD (3840x2160),TCL,0
"Телевизор LED SONY KD 55 XH9077 (4K,Android)",499990,55,4К UHD (3840x2160),SONY,0
Телевизор QLED SAMSUNG QE 75 Q950TSUXCE,3899990,75,8K (7680 x 4320),SAMSUNG,0
Телевизор LED LG 49 UN73906LE (4K),259990,49,4К UHD (3840x2160),LG,0
Телевизор QLED SAMSUNG QE 65 Q950TSUXCE,2699990,65,8K (7680 x 4320),SAMSUNG,0
Телевизор LED KIVI 55 U 730GR,219890,55,4К UHD (3840x2160),KIVI,5
Телевизор LED LG 55NANO816NA (4K),429990,55,4К UHD (3840x2160),LG,0
Телевизор LED TCL 32 S60A (Android),119990,32,HD (1366х768),TCL,5
Телевизор QLED SAMSUNG QE 85 Q80TAUXCE,2049990,85,4К UHD (3840x2160),SAMSUNG,0
Телевизор LED LG 65NANO916NA (4K),899990,65,4К UHD (3840x2160),LG,0
Телевизор OLED LG 88ZX9LA,15499990,88,8K (7680 x 4320),LG,3
Телевизор LED SAMSUNG QE 43 LS 03TAUXCE,434990,43,4К UHD (3840x2160),SAMSUNG,0
Телевизор QLED SAMSUNG QE 43 Q60TAUXCE,299990,43,4К UHD (3840x2160),SAMSUNG,5
Телевизор LED KIVI 55 U 600GR,199890,55,4К UHD (3840x2160),KIVI,5
Телевизор SONY LED XR65X95JCEP UHD SMART,1249990,65,4К UHD (3840x2160),SONY,0
Телевизор SONY LED KD55X85TJCEP UHD SMART,629990,55,4К UHD (3840x2160),SONY,0
Телевизор SAMSUNG QLED QE75LS03AAUXCE The Frame UHD SMART,1379990,75,4К UHD (3840x2160),SAMSUNG,0
Телевизор SAMSUNG QLED QE85QN800AUXCE 8K SMART,3799990,85,8K (7680 x 4320),SAMSUNG,0
Телевизор LG MiniLED 86QNED996PB 8K SMART,4999990,86,8K (7680 x 4320),LG,0
Телевизор LG LED 75UP78006LC UHD SMART,759990,75,4К UHD (3840x2160),LG,0
Телевизор SAMSUNG QLED QE75Q80AAUXCE UHD SMART,1399990,75,4К UHD (3840x2160),SAMSUNG,0
Телевизор SONY LED XR85X95JCEP UHD SMART,2699990,85,4К UHD (3840x2160),SONY,0
Телевизор SONY LED KD65X81JR UHD SMART,699990,65,4К UHD (3840x2160),SONY,0
Телевизор SONY LED KD55X81JR UHD SMART,549990,55,4К UHD (3840x2160),SONY,0
Телевизор SAMSUNG QLED QE85QN90AAUXCE UHD SMART,2899990,85,4К UHD (3840x2160),SAMSUNG,0
Телевизор LG NanoCell 86NANO926PB UHD SMART,2399990,86,4К UHD (3840x2160),LG,0
Телевизор SAMSUNG QLED QE75Q77AAUXCE UHD SMART,1149990,75,4К UHD (3840x2160),SAMSUNG,0
Телевизор SAMSUNG LED UE75AU7500UXCE UHD SMART,769990,75,4К UHD (3840x2160),SAMSUNG,0
Телевизор SONY OLED XR77A80JCEP,2699990,77,4К UHD (3840x2160),SONY,0
Телевизор SONY LED KD85X85TJCEP UHD SMART,1649990,85,4К UHD (3840x2160),SONY,0
Телевизор SONY LED XR75X90JCEP UHD SMART,1249990,75,4К UHD (3840x2160),SONY,0
Телевизор SONY OLED XR65A80JCEP,1799990,65,4К UHD (3840x2160),SONY,0
Телевизор LG NanoCell 75NANO806PA UHD SMART,899990,75,4К UHD (3840x2160),LG,0
Телевизор LG OLED65A1RLA,1099990,65,4К UHD (3840x2160),LG,0
Телевизор LG LED 75UP81006LA UHD SMART,799990,75,4К UHD (3840x2160),LG,0
Телевизор LG OLED65B1RLA,1199990,65,4К UHD (3840x2160),LG,0
Телевизор LG LED 55UP81006LA UHD SMART,349990,55,4К UHD (3840x2160),LG,0
Телевизор SONY LED XR65X90JCEP UHD SMART,999990,65,4К UHD (3840x2160),SONY,0
Телевизор SAMSUNG QLED QE85QN85AAUXCE UHD SMART,2399990,85,4К UHD (3840x2160),SAMSUNG,0
Телевизор SAMSUNG QLED QE65QN900AUXCE 8K SMART,2899990,65,8K (7680 x 4320),SAMSUNG,0
Телевизор SONY LED KD75X81JCEP UHD SMART,979990,75,4К UHD (3840x2160),SONY,0
Телевизор SAMSUNG QLED QE75QN90AAUXCE UHD SMART,1899990,75,4К UHD (3840x2160),SAMSUNG,0
Телевизор SAMSUNG QLED QE65QN85AAUXCE UHD SMART,1149990,65,4К UHD (3840x2160),SAMSUNG,0
Телевизор LED KIVI 55 U 800BR,279990,55,4К UHD (3840x2160),KIVI,5
Телевизор OLED SONY KD 55AG9,1399990,55,4К UHD (3840x2160),SONY,0
Телевизор OLED SONY KD 65A8,1799990,65,4К UHD (3840x2160),SONY,0
Телевизор QLED SAMSUNG QE 85 Q950TSUXCE,5699990,85,8K (7680 x 4320),SAMSUNG,0
Телевизор LED KIVI 50 U 730GR,204890,50,4К UHD (3840x2160),KIVI,5
Телевизор QLED SAMSUNG QE 55 Q95TAUXCE,949990,55,4К UHD (3840x2160),SAMSUNG,0
Телевизор LED SAMSUNG UE 50 TU 7500 (4K),259990,50,4К UHD (3840x2160),SAMSUNG,5
Телевизор LED SAMSUNG UE 82 TU 8000 (4K),1069990,82,4К UHD (3840x2160),SAMSUNG,0
Телевизор LED SAMSUNG QE 32 LS 03TBKXRU,249990,32,4К UHD (3840x2160),SAMSUNG,0
Телевизор LED SAMSUNG QE 43 LS 01TAUXRU,434990,43,4К UHD (3840x2160),SAMSUNG,0
Телевизор SAMSUNG QLED QE50QN90AAUXCE UHD SMART,649990,50,4К UHD (3840x2160),SAMSUNG,0
Телевизор SONY LED XR85Z9JCEP 8K SMART,6999990,85,8K (7680 x 4320),SONY,0
Телевизор SONY LED XR75Z9JCEP 8K SMART,4999990,75,8K (7680 x 4320),SONY,0
Телевизор LG NanoCell 65NANO866PA UHD SMART,679990,65,4К UHD (3840x2160),LG,0
Телевизор SONY LED KD75X85TJCEP UHD SMART,1049990,75,4К UHD (3840x2160),SONY,0
Телевизор SONY LED KD43X81JR UHD SMART,429990,43,4К UHD (3840x2160),SONY,0
Телевизор LG NanoCell 43NANO776PA UHD SMART,289990,43,4К UHD (3840x2160),LG,0
Телевизор SAMSUNG QLED QE65Q80AAUXCE UHD SMART,949990,65,4К UHD (3840x2160),SAMSUNG,0
Телевизор LG NanoCell 50NANO776PA UHD SMART,329990,50,4К UHD (3840x2160),LG,0
Телевизор SAMSUNG LED UE55AU7500UXCE UHD SMART,359990,55,4К UHD (3840x2160),SAMSUNG,0
Телевизор SAMSUNG LED UE75AU9000UXCE UHD SMART,929990,75,4К UHD (3840x2160),SAMSUNG,0
Телевизор LG OLED77G1RLA,3199990,77,4К UHD (3840x2160),LG,0
Телевизор LED SONY KD 49 XG7096,289990,49,4К UHD (3840x2160),SONY,0
"Телевизор LED SONY KD 85 ZH8 (4K,Android)",6999990,85,8K (7680 x 4320),SONY,0
Телевизор LED SONY KD 75ZH8 (8K),4999990,75,8K (7680 x 4320),SONY,0
Телевизор LED LG 55NANO866NA (4K),499990,55,4К UHD (3840x2160),LG,0
"Телевизор LED SONY KD 85 XH8096 (4K,Android)",1599990,85,4К UHD (3840x2160),SONY,0
"Телевизор LED SONY KD 75 XH9505 (4K,Android)",1599990,75,4К UHD (3840x2160),SONY,0
Телевизор LED KIVI 50 U 600GR,169890,50,4К UHD (3840x2160),KIVI,5
Телевизор OLED SONY KD 65AG8,1699990,65,4К UHD (3840x2160),SONY,0
Телевизор LED KIVI 24H740LW (Smart),112890,24,HD (1366х768),KIVI,0
Телевизор LED KIVI 24H740LB (Smart),109890,24,HD (1366х768),KIVI,0
Телевизор SAMSUNG LED UE43AU7500UXCE UHD SMART,244990,43,4К UHD (3840x2160),SAMSUNG,0
